step,t,phase,phaseIndex,yTop,compression,volume,volumeRatio,rhoMean,rhoRatio,Pkin,Pwall,PexcessWallKinetic,PprojectionWorkRaw,PprojectionWorkThermostatted,wallImpulseTopY,wallHitsTop,dVInterval,dVdtMean,projectionEnergyRaw,projectionEnergyThermostatted,kBTCell,stdN,lowKProxy,rmsDivParticleAfter,rmsMassFluxResidual,rmsMassFluxParticleAfter,meanVy,PkinSmooth,PwallSmooth,PexcessWallKineticSmooth,PprojectionWorkRawSmooth,PprojectionWorkThermostattedSmooth
0,0,initial,0,1,0,2,1,5120,1,5056.68481175409,NaN,NaN,NaN,NaN,0,0,0,NaN,0,0,1.04554032416226,0,0,NaN,NaN,NaN,9.71445146547012e-18,5366.38728776828,4940.91625855658,-456.441276813118,-1558.97527670555,14.9840562650975
100,0.1,compression,1,0.99975,0.000249999999999972,1.9995,0.99975,5121.28032008002,1.00025006251563,5391.12336283742,5164.28413106565,-226.839231771767,-1615.14903057555,73.9361419074559,1032.85682621313,426,-0.000499999999999945,-0.00499999999999945,-0.807574515287685,0.0369680709537239,1.03619748671436,2.77675562841977,0.000135422607954717,0.0162842636605217,0.00677550349310863,0.279415132878768,-0.00685866853266344,5369.59005862091,4983.38583806801,-414.650152086247,-1554.68709554232,15.6406764386612
200,0.2,compression,1,0.9995,0.000499999999999945,1.999,0.9995,5122.56128064032,1.00050025012506,5392.54577198552,5220.21238563852,-172.333386347003,-1540.36660634029,11.9118749978613,1044.0424771277,461,-0.000499999999999945,-0.00499999999999945,-0.770183303170059,0.00595593749892998,1.03741596219906,3.06485666543278,0.000260216727200778,0.0220754900504289,0.00594985107960765,0.473193851295018,-0.00713260445089377,5372.40821565749,4894.65837237403,-504.060126942078,-1553.66437337137,14.2617546875042
300,0.3,compression,1,0.99925,0.000750000000000028,1.9985,0.99925,5123.84288216162,1.00075056292219,5393.91768898073,4883.2956097584,-510.622079222331,-1599.11136307653,10.3740357327294,976.65912195168,421,-0.000500000000000167,-0.00500000000000167,-0.79955568153853,0.00518701786636644,1.03729300811181,3.13992034999382,0.000226525059348882,0.0319646344787872,0.00910659691425234,0.592227461540055,0.0114835506644798,5374.91952333898,4796.05385962267,-603.345256915149,-1553.09308011458,14.0569094096147
400,0.4,compression,1,0.999,0.001,1.998,0.999,5125.12512512513,1.001001001001,5395.35620566204,5338.62322278509,-56.7329828769471,-1542.86421073647,8.41507486492436,1067.72464455702,435,-0.000499999999999945,-0.00499999999999945,-0.771432105368151,0.00420753743246172,1.03899176314635,3.42032602787897,0.000184477100959327,0.0227229924151085,0.000530000608322,0.322733684069323,-0.00541101249283275,5377.18479550248,4773.72828343825,-626.349368046259,-1556.13052004398,13.6713138546207
500,0.5,compression,1,0.99875,0.00124999999999997,1.9975,0.99875,5126.40801001252,1.00125156445557,5396.72532337756,4884.82789596668,-511.897427410875,-1506.34957257511,17.1562028132289,976.965579193337,431,-0.000499999999999945,-0.00499999999999945,-0.753174786287473,0.00857810140661353,1.04226721868221,3.47481855528777,0.000136827980477709,0.0173973698366554,0.00158958513031915,0.355706882821718,-0.00426661139962489,5379.25208857422,4750.12414507681,-650.632428618744,-1555.98146574604,13.1539828936385
600,0.6,compression,1,0.9985,0.00150000000000006,1.997,0.9985,5127.69153730596,1.00150225338007,5398.06418250686,4868.68047830678,-529.383704200082,-1584.03027883709,3.88724111453746,973.736095661356,426,-0.000500000000000167,-0.00500000000000167,-0.792015139418807,0.00194362055726938,1.03508482418215,3.49391419459855,6.42569032571227e-05,0.0208435718837208,0.00132789506139773,0.299353486197542,-0.0122837325987452,5381.15566796242,4785.22166362625,-616.213432849193,-1558.54701585385,13.2087872631655
700,0.7,compression,1,0.99825,0.00175000000000003,1.9965,0.99825,5128.9757074881,1.00175306786877,5399.42347860144,3945.22623129577,-1454.19724730566,-1554.26234183204,19.2057151909427,789.045246259155,368,-0.000499999999999945,-0.00499999999999945,-0.777131170915933,0.0096028575954703,1.0429653611893,3.44711229440736,7.13965746177106e-05,0.0169682896101267,0.00331226622943645,0.334857156132194,0.0134205743729743,5382.92176599445,4851.80000914071,-550.3121659267,-1560.91017324085,12.6773165138213
800,0.8,compression,1,0.998,0.002,1.996,0.998,5130.26052104208,1.00200400801603,5400.74903464733,5758.08128354908,357.332248901746,-1590.34793143764,-3.62784001564926,1151.61625670982,492,-0.000499999999999945,-0.00499999999999945,-0.795173965718732,-0.00181392000782443,1.03343337296084,3.39275156906505,0.000130370515522743,0.0153509867178293,0.00104921989131938,0.312777031575479,-0.00119930016211082,5384.57776419907,4862.43728233747,-540.356756997437,-1560.09703806043,13.0990322910059
900,0.9,compression,1,0.99775,0.00224999999999997,1.9955,0.99775,5131.54597845152,1.00225507391631,5402.16090323991,4732.5757002293,-669.585203010606,-1510.08502391493,3.24878561653011,946.515140045861,404,-0.000499999999999945,-0.00499999999999945,-0.755042511957383,0.00162439280826487,1.03137225934765,3.54727645587472,0.00018329206654905,0.0209711286501565,0.00186411045444236,0.356385894054166,-0.0104002115076029,5386.13208136867,4883.82334741575,-519.648063932635,-1557.83727317589,12.8314222488889
1000,1,compression,1,0.9975,0.00249999999999995,1.995,0.9975,5132.8320802005,1.00250626566416,5403.50940185822,4613.35564697057,-790.153754887652,-1547.18640772983,5.33333042841436,922.671129394115,406,-0.000499999999999945,-0.00499999999999945,-0.773593203864831,0.00266666521420689,1.03346389651417,3.57913063819199,0.000146684821903446,0.0323212177421759,0.000745143155559276,0.468433002624939,0.00830660588619918,5387.60354295644,4878.71128340852,-525.438196108035,-1559.16255968212,12.3666421946265
1100,1.1,compression,1,0.99725,0.00275000000000003,1.9945,0.99725,5134.11882677363,1.00275758335422,5404.82053799981,5408.08163318228,3.26109518246813,-1511.80528391,22.2068781742976,1081.61632663646,496,-0.000500000000000167,-0.00500000000000167,-0.755902641955255,0.0111034390871525,1.04589725943001,3.42089813226164,0.00016412057031492,0.0209832660419832,0.00795589370246551,0.387964249921444,-0.0219098383797698,5404.82865399924,4919.83891235086,-484.989741648383,-1556.65271536351,12.137214103175
1200,1.2,compression,1,0.997,0.003,1.994,0.997,5135.40621865597,1.00300902708124,5406.2261000965,3918.65624974028,-1487.56985035622,-1542.41442949102,-0.906384575222951,783.731249948058,331,-0.000499999999999945,-0.00499999999999945,-0.771207214745425,-0.000453192287611426,1.03933213727027,3.62260785501728,0.000273758129617669,0.0283466926861967,0.00502852049780924,0.528263514429818,-0.00921214993355491,5406.19406656373,4950.31711457286,-455.876951990861,-1552.54892661049,9.45964097675507
1300,1.3,compression,1,0.99675,0.00324999999999998,1.9935,0.99675,5136.69425633308,1.00326059694006,5407.56652319836,3612.79970660635,-1794.76681659201,-1546.23756103305,11.5987660749405,722.559941321271,329,-0.000499999999999945,-0.00499999999999945,-0.773118780516439,0.00579938303746963,1.03730249908044,3.5162468872665,0.000261304703407026,0.0163345983455915,0.00632618268364918,0.359422621439976,0.0153330831406612,5407.55788697387,4948.31171407447,-459.246172899407,-1553.97890227915,9.74220171412446
1400,1.4,compression,1,0.9965,0.00350000000000006,1.993,0.9965,5137.98294029102,1.00351229302559,5408.89860579146,4483.49579304078,-925.402812750685,-1595.61723912614,8.65857163969985,896.699158608156,387,-0.000500000000000167,-0.00500000000000167,-0.797808619563335,0.00432928581985137,1.04291312513683,3.47538168932523,0.000260979612229797,0.0180121163324211,0.000723073582435097,0.393917625724979,-0.005835471717745,5408.91994584232,4937.35772677494,-471.562219067374,-1552.7803955673,9.42768695735854
1500,1.5,compression,1,0.99625,0.00375000000000003,1.9925,0.99625,5139.27227101631,1.00376411543287,5410.26148465019,4419.66620801666,-990.59527663353,-1553.8947055749,5.91134943988679,883.933241603333,372,-0.000499999999999945,-0.00499999999999945,-0.776947352787366,0.00295567471994307,1.03543378770948,3.48157015211103,0.000218835379310623,0.0229816234243615,0.000487571354928265,0.261221201184049,0.0151173076183021,5410.27733245699,4910.67306151825,-499.604270938739,-1553.07922946076,9.42296750622246
1600,1.6,compression,1,0.996,0.004,1.992,0.996,5140.56224899598,1.00401606425703,5411.61293817369,5311.68444186776,-99.9284963059263,-1597.03026747101,14.0308528060709,1062.33688837355,465,-0.000499999999999945,-0.00499999999999945,-0.798515133735417,0.00701542640303465,1.03968749143181,3.47594473212995,0.000352507448693692,0.0254273571778891,0.000971140467694565,0.6598519867998,0.0119101087249393,5411.63841250051,4949.15182638818,-462.486586112331,-1556.58559026725,9.06198027288562
1700,1.7,compression,1,0.99575,0.00424999999999998,1.9915,0.99575,5141.85287471755,1.00426813959327,5412.94543253901,5917.0535373722,504.108104833183,-1598.72069143293,4.17378452431418,1183.41070747444,520,-0.000499999999999945,-0.00499999999999945,-0.799360345716375,0.00208689226215686,1.03817520536212,3.45221786959892,0.000253730052116663,0.0242313484931298,0.00482732226498352,0.385689227199501,-0.0117185149876307,5412.99995159749,4948.21984268607,-464.780108911412,-1556.92917534912,9.29699844712948
1800,1.8,compression,1,0.9955,0.00449999999999995,1.991,0.9955,5143.14414866901,1.00452034153692,5414.38573188218,5043.27092668222,-371.114805199961,-1546.27373999314,20.2682005031441,1008.65418533645,447,-0.000499999999999945,-0.00499999999999945,-0.773136869996483,0.0101341002515709,1.04026062151922,3.63824004247296,0.00016601404787639,0.0182782482812148,0.00155460396353141,0.304721785344987,-0.0014589232543442,5414.3606075941,5009.89370375987,-404.466903834239,-1558.59409192758,8.79028204092578
1900,1.9,compression,1,0.99525,0.00475000000000003,1.9905,0.99525,5144.43607133886,1.00477267018337,5415.66410759107,5268.77251882488,-146.891588766194,-1517.16150525428,8.01444149078277,1053.75450376498,445,-0.000500000000000167,-0.00500000000000167,-0.758580752627392,0.00400722074539273,1.04136465252095,3.35796509063185,0.00020928605673118,0.0289962922188562,0.000393395288656867,0.445709617659047,-0.0031005541240935,5415.72197721436,4959.02910624712,-456.692870967242,-1553.46405051061,9.38644494764368
2000,2,compression,1,0.995,0.005,1.99,0.995,5145.72864321608,1.00502512562814,5417.0327747118,4781.58206727117,-635.450707440631,-1584.34300330051,3.53582116364087,956.316413454235,407,-0.000499999999999945,-0.00499999999999945,-0.792171501650169,0.00176791058182024,1.03699132526122,3.45957928734133,0.000289022655260744,0.0253111535942003,0.000891563665611552,0.45852601235171,-0.00302143170144402,5417.0826592174,4975.0073577019,-442.075301515499,-1555.13390864805,10.0346968072138
2100,2.1,compression,1,0.99475,0.00524999999999998,1.9895,0.99475,5147.02186479015,1.00527770796683,5418.41214365293,5742.39149119758,323.979347544649,-1506.45582899133,7.54865227414519,1148.47829823952,498,-0.000499999999999945,-0.00499999999999945,-0.753227914495584,0.00377432613707218,1.03295960505709,3.43516977592556,0.000201148353130855,0.0220039562674847,0.0016242260145497,0.46240396687732,0.00467980735427363,5418.44302060549,4981.5857868669,-436.857233738593,-1556.41980112074,10.0534259088527
2200,2.2,compression,1,0.9945,0.00550000000000006,1.989,0.9945,5148.31573655103,1.00553041729512,5419.79702669162,5804.3263777278,384.529351036181,-1528.96946676201,17.7071062526374,1160.86527554556,508,-0.000500000000000167,-0.00500000000000167,-0.764484733381261,0.00885355312632163,1.03679137411112,3.49895147839191,0.000244945439054063,0.017012753757192,0.00541792790053014,0.340032900800354,-0.007779679324873,5419.80537121968,4980.86762143507,-438.937749784607,-1560.68179521961,9.50308176418426
2300,2.3,compression,1,0.99425,0.00575000000000003,1.9885,0.99425,5149.61025898919,1.00578325370883,5421.18600059862,5178.09897517216,-243.087025426462,-1570.39609538216,17.8456504826185,1035.61979503443,458,-0.000499999999999945,-0.00499999999999945,-0.785198047690995,0.00892282524130827,1.03698818762827,3.65273401076846,0.000180087347624625,0.0238869110347338,0.0034196716149242,0.452824578722159,-0.00177230969084119,5421.16920118668,4994.77944583344,-426.389755353237,-1556.96596327908,9.90905838415085
2400,2.4,compression,1,0.994,0.00600000000000001,1.988,0.994,5150.90543259557,1.00603621730382,5422.52092521806,4653.26187646842,-769.259048749644,-1573.94272212767,3.76922584064496,930.652375293684,418,-0.000499999999999945,-0.00499999999999945,-0.786971361063749,0.00188461292032227,1.03623472197524,3.51791612395547,0.000213282118822699,0.0185477787042001,0.00148524175335728,0.289796625309696,0.00727460633579504,5422.53272983728,5039.08649919391,-383.446230643372,-1554.31628536282,9.80732360932612
2500,2.5,compression,1,0.99375,0.00624999999999998,1.9875,0.99375,5152.20125786163,1.0062893081761,5423.8613245702,4778.2452523946,-645.616072175593,-1549.1397224991,8.31596639106683,955.649050478921,439,-0.000499999999999945,-0.00499999999999945,-0.774569861249464,0.00415798319553295,1.03471837349212,3.47650768374626,0.000225601517691664,0.0151637426259815,0.00510687091330363,0.311192437891302,0.0141109956359025,5423.8978968676,5012.90338346913,-410.994513398476,-1552.29942228936,9.58659035235164
2600,2.6,compression,1,0.9935,0.00649999999999995,1.987,0.9935,5153.49773527931,1.00654252642174,5425.30800429151,5692.88195823519,267.573953943674,-1579.98314951147,9.57547091315519,1138.57639164704,525,-0.000499999999999945,-0.00499999999999945,-0.789991574755648,0.00478773545657707,1.03935714541001,3.66183041073002,0.000299402322490709,0.0262578586872417,0.00389863567469539,0.620699237137551,-0.00536695711813615,5425.26318358949,5050.19387300637,-375.069310583121,-1548.71621099276,10.0155412238963
2700,2.7,compression,1,0.99325,0.00675000000000003,1.9865,0.99325,5154.79486534105,1.00679587213692,5426.65650354324,4849.10882056247,-577.547682980777,-1591.24556555635,8.82262277365847,969.821764112494,426,-0.000500000000000167,-0.00500000000000167,-0.795622782778442,0.00441131138683071,1.03957331118867,3.64146590985042,0.00024019635576629,0.0215069613996073,0.000444267696355949,0.277619743163496,2.17083171892708e-05,5426.62712200725,5000.89143275348,-425.735689253767,-1547.7176253444,9.66532385711236
2800,2.8,compression,1,0.993,0.00700000000000001,1.986,0.993,5156.09264853978,1.00704934541793,5427.99725453045,5240.37731384542,-187.619940685035,-1589.22558997967,8.56467066066507,1048.07546276908,436,-0.000499999999999945,-0.00499999999999945,-0.794612794989746,0.00428233533033207,1.03868940340253,3.65380535087385,0.000277526780602607,0.0303342182541955,0.00539658668402362,0.593826835745408,-0.0191337747838194,5427.99497181545,4975.2336097065,-452.761362108941,-1543.34174249484,9.40285349213984
2900,2.9,compression,1,0.99275,0.00724999999999998,1.9855,0.99275,5157.39108536892,1.00730294636112,5429.33779667264,4689.92473578132,-739.413060891322,-1482.61706168133,8.89158102542673,937.984947156264,405,-0.000499999999999945,-0.00499999999999945,-0.741308530840585,0.00444579051271288,1.0372965183027,3.49615388341484,0.00023927750868666,0.0330752898172552,0.00615323008054006,0.550132016830074,0.000187556867506411,5429.35882047264,4980.45335458944,-448.905465883199,-1543.47425175364,9.31736485811819
3000,3,compression,1,0.9925,0.00750000000000006,1.985,0.9925,5158.69017632242,1.00755667506297,5430.73522530385,5068.11898077987,-362.616244523986,-1545.15204480121,16.8620746675027,1013.62379615597,430,-0.000500000000000167,-0.00500000000000167,-0.772576022400864,0.00843103733375417,1.04158798009732,3.57913063819199,0.000418745642712168,0.0192628111815765,0.00161691100144874,0.39806843037617,0.00360534459718119,5430.72818189978,5002.5845985166,-428.143583383179,-1545.05704157177,9.0579126135142
3100,3.1,compression,1,0.99225,0.00775000000000003,1.9845,0.99225,5159.98992189468,1.00781053162006,5432.07699100809,4751.50265943545,-680.574331572632,-1574.19014965626,5.72664156283028,950.300531887092,427,-0.000499999999999945,-0.00499999999999945,-0.787095074828041,0.00286332078141482,1.03893625709843,3.47369201333718,0.000244323428711094,0.0229258728477058,0.00454318222590537,0.416493733638309,-0.0011265520094431,5432.099144231,4988.75996266001,-443.339181570988,-1543.42390236719,9.57209152027827
3200,3.2,compression,1,0.992,0.00800000000000001,1.984,0.992,5161.29032258064,1.00806451612903,5433.42990089773,5393.00015911391,-40.429741783827,-1601.30715998635,10.6496511362611,1078.60003182278,465,-0.000499999999999945,-0.00499999999999945,-0.800653579993089,0.00532482556812996,1.03788982651073,3.4283268014491,0.000230317045807932,0.0287024912448794,0.00504868399150095,0.565431058726907,-0.00130204205448051,5433.47302729715,4965.42160663264,-468.051420664517,-1548.84753334036,9.55258558212705
3300,3.3,compression,1,0.99175,0.00824999999999998,1.9835,0.99175,5162.59137887572,1.00831862868666,5434.86652940357,4210.80456210613,-1224.06196729744,-1464.38195873976,7.61912444407548,842.160912421227,380,-0.000499999999999945,-0.00499999999999945,-0.732190979369799,0.00380956222203732,1.041567111141,3.67037113465993,0.000233022967661828,0.0257041041280368,0.00316494961179844,0.549549533766385,0.000643644479037625,5434.84706552141,4918.31477265856,-516.532292862848,-1548.70967132923,9.43222701250355
3400,3.4,compression,1,0.9915,0.00849999999999995,1.983,0.9915,5163.89309127584,1.00857286938981,5436.20062486101,4543.24782717616,-892.952797684848,-1490.5943247917,9.46233580362115,908.649565435232,383,-0.000499999999999945,-0.00499999999999945,-0.745297162395769,0.00473116790181005,1.03877328872755,3.57639576300224,0.000240677215657904,0.0250648412006026,0.00276882718164682,0.611020670046124,-0.000494098659114194,5436.21730423271,4894.98644680767,-541.230857425038,-1549.698514847,8.7268668527034
3500,3.5,compression,1,0.99125,0.00875000000000004,1.9825,0.99125,5165.19546027743,1.00882723833544,5437.56711342813,3933.65036282026,-1503.91675060787,-1553.26311458339,4.02317324323586,786.730072564054,346,-0.000500000000000167,-0.00500000000000167,-0.776631557291954,0.0020115866216186,1.03703729401582,3.61232939791773,0.000399071581922009,0.0318054079729263,0.00195152298218466,0.592771249988372,0.00670793585541864,5437.58885058158,4909.36900022751,-528.219850354068,-1545.927926157,9.08464656230385
3600,3.6,compression,1,0.991,0.00900000000000001,1.982,0.991,5166.4984863774,1.00908173562059,5438.93250580994,5202.76648829885,-236.166017511091,-1478.64726834627,14.9193177423242,1040.55329765977,436,-0.000499999999999945,-0.00499999999999945,-0.739323634173052,0.00745965887116129,1.03926713129148,3.52736021107973,0.000202529137645216,0.02450943672088,0.00700103692001844,0.401150210095521,-0.00841391405317183,5438.95858469274,4942.28848195233,-496.670102740405,-1547.49502038965,8.78522475635207
3700,3.7,compression,1,0.99075,0.00924999999999998,1.9815,0.99075,5167.80217007318,1.00933636134242,5440.25564494656,4276.33319655707,-1163.92244838949,-1576.05996885541,6.6762881036085,855.266639311414,377,-0.000499999999999945,-0.00499999999999945,-0.788029984427618,0.00333814405180388,1.03654579708783,3.40714111353121,0.000238135900390583,0.0268128222134984,0.00550280167326654,0.40252308042268,-0.00104115850763445,5440.3299122423,4952.23511786526,-488.094794377037,-1545.20816070732,8.87246226137554
3800,3.8,compression,1,0.9905,0.00950000000000006,1.981,0.9905,5169.1065118627,1.00959111559818,5441.67027851114,5378.23925338567,-63.4310251254719,-1506.82715159225,-1.33809314010857,1075.64785067713,436,-0.000500000000000167,-0.00500000000000167,-0.753413575796379,-0.00066904657005451,1.03077066963567,3.50006989027228,0.000177558435187627,0.0257046775058159,0.00750271017156834,0.60699887816561,-0.00250848280077647,5441.70504205483,4939.01814943098,-502.686892623843,-1544.40536967197,9.20285898268305
3900,3.9,compression,1,0.99025,0.00975000000000004,1.9805,0.99025,5170.41151224438,1.00984599848523,5443.02655368323,5152.88556922387,-290.140984459361,-1549.05643442805,18.4729391886893,1030.57711384477,464,-0.000499999999999945,-0.00499999999999945,-0.774528217213938,0.00923646959434365,1.03873579045862,3.52291908849885,0.000240338493110688,0.0344175201426107,0.0093806717639274,0.644529122233865,-0.00156206906944993,5443.07781094116,4931.47981118447,-511.597999756698,-1541.12416862254,9.21391758300581
4000,4,compression,1,0.99,0.01,1.98,0.99,5171.71717171717,1.01010101010101,5444.42069756099,5733.52864129521,289.107943734218,-1550.40009143489,2.56594435409891,1146.70572825904,517,-0.000499999999999945,-0.00499999999999945,-0.775200045717357,0.00128297217704931,1.0388271157733,3.56378830518154,0.00028413462193452,0.0245711894943979,0.00985414102532919,0.439463999852441,-0.0140896031278072,5444.45275660042,4950.73565533847,-493.717101261951,-1544.63060410164,9.07241275447389
4100,4.1,compression,1,0.98975,0.01025,1.9795,0.98975,5173.0234907805,1.01035615054307,5445.82298366741,4491.2647142828,-954.558269384615,-1550.04708000444,14.3335782056864,898.25294285656,394,-0.000499999999999945,-0.00499999999999945,-0.775023540002135,0.00716678910284241,1.03939026452812,3.54782808894794,0.000291618917279882,0.0202434668524944,0.0119985241325675,0.43436040064608,0.00312920635831609,5445.8287889485,4927.37767511666,-518.451113831841,-1546.97991149665,8.25375629067969
4200,4.2,compression,1,0.9895,0.0105,1.979,0.9895,5174.33046993431,1.01061141990904,5447.2636880422,5252.28601462274,-194.977673419458,-1620.35207942774,7.13902757296959,1050.45720292455,433,-0.000499999999999945,-0.00499999999999945,-0.810176039713781,0.0035695137864844,1.03568756036082,3.72960861626637,0.000178994544994725,0.0287601371325087,0.00536184302993744,0.354140860243164,0.0136218277885895,5447.20666901911,4922.16609375943,-525.040575259681,-1544.22681023101,9.22131811991837
4300,4.3,compression,1,0.98925,0.01075,1.9785,0.98925,5175.63810967905,1.01086681829669,5448.65182940107,4815.0828642723,-633.56896512877,-1526.07436452829,15.1795762905438,963.016572854461,415,-0.000500000000000167,-0.00500000000000167,-0.7630371822644,0.00758978814527445,1.04056058045424,3.77031353972941,0.000200714188430221,0.0465510703318285,0.0039252370202809,0.798059429171147,0.00905898354958714,5448.5892324165,4927.95159925222,-520.63763316428,-1541.13097123362,8.84173211993523
4400,4.4,compression,1,0.989,0.011,1.978,0.989,5176.94641051567,1.01112234580384,5449.96101353586,4688.2041323034,-761.756881232456,-1591.16180925541,3.03308712681527,937.640826460681,399,-0.000499999999999945,-0.00499999999999945,-0.795580904627618,0.00151654356340747,1.03321220058158,3.57694290532365,0.000330633712393666,0.0201597909919688,0.00391766270547292,0.483096589390028,0.00266993331223844,5449.9638141934,5002.55818376421,-447.405630429197,-1547.44964965987,8.80072752570663
4500,4.5,compression,1,0.98875,0.01125,1.9775,0.98875,5178.25537294564,1.01137800252845,5451.32339854438,4955.2954982851,-496.027900259274,-1494.7603596377,11.2825997422545,991.059099657021,473,-0.000499999999999945,-0.00499999999999945,-0.74738017981877,0.0056412998711266,1.04196286708311,3.60690791895387,0.000277761092530675,0.0129440476235719,0.00520159685045083,0.340367992635582,-0.00313519849382666,5451.34247219517,5009.43149903331,-441.910973161856,-1550.66470777033,8.90034073024627
4600,4.6,compression,1,0.9885,0.0115000000000001,1.977,0.9885,5179.56499747092,1.01163378856854,5452.62574090452,5469.55436861584,16.9286277113188,-1582.04870138473,2.02810846607958,1093.91087372317,472,-0.000500000000000167,-0.00500000000000167,-0.791024350692629,0.00101405423304013,1.03743862319651,3.29204699017474,0.000259695470472667,0.0239795414259514,0.00146795954871674,0.444715830791594,0.00143462351412176,5452.72225097414,5063.15428269696,-389.567968277182,-1550.55653023645,8.9629813823254
4700,4.7,compression,1,0.98825,0.01175,1.9765,0.98825,5180.87528459398,1.01188970402226,5454.10588283231,5901.76131240671,447.655429574407,-1531.9590961826,11.407458518648,1180.35226248134,510,-0.000499999999999945,-0.00499999999999945,-0.765979548091218,0.00570372925932339,1.03602733395306,3.60310802995666,0.000304337155603945,0.017249496668892,0.00507347319307264,0.523626418041647,-0.0080676365641327,5454.10014457102,5076.29438231005,-377.805762260973,-1554.88774725736,8.76394839529939
4800,4.8,compression,1,0.988,0.012,1.976,0.988,5182.18623481781,1.01214574898785,5455.53422960629,4571.55248344259,-883.981746163706,-1574.38695381396,15.7609539211161,914.310496688518,400,-0.000499999999999945,-0.00499999999999945,-0.787193476906891,0.00788047696055716,1.03999684196174,3.73380390287535,0.000273285580683068,0.0213365551306765,0.00246677758557175,0.358456030313381,0.0121917352380457,5455.4843912501,5055.40997072002,-400.074420530082,-1554.77395754281,8.43064183474165
4900,4.9,compression,1,0.98775,0.01225,1.9755,0.98775,5183.49784864591,1.01240192356365,5456.82540114353,5082.07221066854,-374.753190474981,-1520.32036794167,8.79690126744323,1016.41444213371,445,-0.000499999999999945,-0.00499999999999945,-0.760160183970753,0.00439845063372113,1.03866255144451,3.51011956130243,0.00036111374762789,0.0311502956743746,0.00103687547582463,0.412172839908983,0.00551644810595803,5456.86774115425,5012.55014140818,-444.317599746064,-1556.14559060761,8.83292710436671
5000,5,compression,1,0.9875,0.0125,1.975,0.9875,5184.81012658228,1.0126582278481,5458.21165551707,5094.29746301543,-363.914192501637,-1556.25220674238,5.91997962625633,1018.85949260309,441,-0.000499999999999945,-0.00499999999999945,-0.778126103371103,0.00295998981312784,1.03677847222249,3.54782808894794,0.000466723622014433,0.0325677170996469,0.00173439844207303,0.605449203214697,-0.00290469835075871,5458.2489650917,4984.89198712516,-473.356977966537,-1557.65516543209,8.37350054213797
5100,5.1,compression,1,0.98725,0.01275,1.9745,0.98725,5186.12306913143,1.01291466193973,5459.63190461357,4577.60139612189,-882.030508491674,-1594.48750009643,-0.329711072175499,915.520279224379,397,-0.000500000000000167,-0.00500000000000167,-0.797243750048483,-0.000164855536087805,1.03052657927714,3.64790908665512,0.000408416829376473,0.0185992794580338,0.000932225154471895,0.370831285719082,-0.000310862298451926,5459.62998254576,4947.91265957024,-511.71732297551,-1557.43058142442,8.75516168461999
5200,5.2,compression,1,0.987,0.013,1.974,0.987,5187.43667679838,1.01317122593718,5461.01247249091,4642.05945093364,-818.953021557279,-1516.37502307772,26.0454399768426,928.411890186728,437,-0.000499999999999945,-0.00499999999999945,-0.758187511538777,0.0130227199884199,1.04716899602219,3.59386300128645,0.000402856649487465,0.0182155444464619,0.00230093197589902,0.428060694596475,0.00168692495417314,5461.01300367832,4940.94364728611,-520.06935639221,-1557.41091054572,8.66888733392079
5300,5.3,compression,1,0.98675,0.01325,1.9735,0.98675,5188.75095008867,1.01342791993919,5462.46373224289,5514.49577446249,52.0320422195982,-1536.29454104121,2.6783451366151,1102.8991548925,477,-0.000499999999999945,-0.00499999999999945,-0.768147270520519,0.0013391725683074,1.04009052045385,3.8407639487961,0.000387694883205731,0.0167823969710003,0.00754023678604355,0.33258232028524,0.000925474315588438,5462.3920080296,4945.25964447991,-517.132363549689,-1557.69052481201,8.30741866037334
5400,5.4,compression,1,0.9865,0.0135000000000001,1.973,0.9865,5190.06588950836,1.0136847440446,5463.7327467185,5777.5428368578,313.810090139306,-1597.0742056911,6.75802796527499,1155.50856737156,489,-0.000500000000000167,-0.00500000000000167,-0.798537102845816,0.00337901398263862,1.03921259180034,3.47538168932523,0.000381186257318175,0.022171646304953,0.00169069264686923,0.327703685670606,-0.0080564988890513,5463.77641731746,4936.95668932509,-526.819727992369,-1560.07386516368,8.26919198511666
5500,5.5,compression,1,0.98625,0.01375,1.9725,0.98625,5191.38149556401,1.01394169835234,5465.152442898,4687.58744782731,-777.564995070695,-1558.11054511132,11.5542130989534,937.517489565462,411,-0.000499999999999945,-0.00499999999999945,-0.779055272555572,0.00577710654947605,1.03622327393643,3.70908864168263,0.000332558598606836,0.0140555400080086,0.00040222558639052,0.305835099239417,-0.00350015561943289,5465.16177920729,4931.07103730162,-534.090741905664,-1555.61662738673,8.48217077841195
5600,5.6,compression,1,0.986,0.014,1.972,0.986,5192.69776876268,1.01419878296146,5466.54246778656,5061.82881975685,-404.713648029717,-1550.99138637183,5.33862693689772,1012.36576395137,412,-0.000499999999999945,-0.00499999999999945,-0.775495693185831,0.00266931346844856,1.03840752985518,3.67143732818559,0.000277806709080752,0.0248955731531899,0.00204935112406067,0.550388821274111,0.0038736385021563,5466.54846095998,4940.05010880144,-526.498352158536,-1557.41388555913,8.32628516864181
5700,5.7,compression,1,0.98575,0.01425,1.9715,0.98575,5194.01470961197,1.01445599797109,5467.86827134444,5478.70858017375,10.8403088293107,-1569.60282578545,10.7396250147781,1095.74171603475,457,-0.000499999999999945,-0.00499999999999945,-0.784801412892641,0.00536981250738844,1.03536204792918,3.45957928734133,0.000380115365090694,0.0200601390531292,0.000347951061349213,0.417120665732214,-0.0122744600801146,5467.93840845745,4914.91810609903,-553.020302358418,-1554.94296733006,8.93742373217636
5800,5.8,compression,1,0.9855,0.0145,1.971,0.9855,5195.33231861999,1.01471334348047,5469.32482520723,3837.76055316645,-1631.56427204078,-1573.67038484978,-0.323149668104019,767.552110633291,341,-0.000499999999999945,-0.00499999999999945,-0.786835192424801,-0.000161574834051992,1.03641370917585,3.60690791895387,0.000224710769432868,0.0249141788841568,0.00529934933508692,0.509799043674214,0.0028551741558729,5469.32605847219,4896.00135246256,-573.324706009632,-1557.83300750329,8.4520063378099
5900,5.9,compression,1,0.98525,0.01475,1.9705,0.98525,5196.65059629536,1.01497081958894,5470.72062649817,4478.18283783708,-992.537788661095,-1535.63144595305,7.1098975220177,895.636567567416,418,-0.000500000000000167,-0.00500000000000167,-0.767815722976783,0.00355494876101003,1.03743830689824,3.60419412132419,0.000370278118354095,0.0214886992203796,0.00582159121598489,0.250983824424091,0.00380718286732039,5470.71159974068,4920.21065468197,-550.500945058716,-1555.08252101429,7.96924562872001
6000,6,compression,1,0.985,0.015,1.97,0.985,5197.96954314721,1.01522842639594,5472.0322563698,4572.0643292805,-899.967927089294,-1580.75750574211,8.82498138188578,914.412865856102,408,-0.000499999999999945,-0.00499999999999945,-0.790378752870969,0.00441249069094241,1.03472179504137,3.44370437237363,0.000337900933374382,0.016018750640184,0.00436415457996593,0.270347330094917,0.0127776883269892,5472.10199918117,4953.19025072649,-518.911748454675,-1555.96688694816,8.0491726761219
6100,6.1,compression,1,0.98475,0.01525,1.9695,0.98475,5199.2891596852,1.01548616400102,5473.42206409614,4956.96276264192,-516.459301454215,-1545.68382727395,10.5808283462213,991.392552528385,488,-0.000499999999999945,-0.00499999999999945,-0.77284191363689,0.00529041417311005,1.03794198758327,3.50174683833157,0.000385120854961034,0.0145306035476182,0.000422783527893199,0.325626611198964,-0.0102279403806048,5473.49340086505,4950.90364909729,-522.58975176776,-1553.97214064522,8.16873741904371
6200,6.2,compression,1,0.9845,0.0155000000000001,1.969,0.9845,5200.6094464195,1.01574403250381,5474.86642745121,4344.91545631589,-1129.95097113532,-1549.63399155179,12.5218168410031,868.98309126318,382,-0.000500000000000167,-0.00500000000000167,-0.774816995776154,0.00626090842050364,1.04307917659307,3.72015192333338,0.000406063636886432,0.0256010976053286,0.00925038213302028,0.444251832882761,-0.00159337231513974,5474.88298275043,4958.26664268409,-516.616340066343,-1551.46769138715,7.99270490272767
6300,6.3,compression,1,0.98425,0.01575,1.9685,0.98425,5201.93040386081,1.01600203200406,5476.2227794191,5342.92195569258,-133.300823726522,-1626.22397901964,-0.451814571526704,1068.58439113852,464,-0.000499999999999945,-0.00499999999999945,-0.813111989509729,-0.000225907285763327,1.03699997793047,3.47707054421846,0.000327040327260061,0.0214339857183982,0.00416101356499111,0.339052332410085,-0.00329016362062677,5476.27415079189,4950.97735517832,-525.296795613569,-1555.14970499631,7.65476186227882
6400,6.4,compression,1,0.984,0.016,1.968,0.984,5203.25203252032,1.01626016260163,5477.72442444618,4640.72080602114,-837.003618425039,-1576.12451191345,14.3768161101534,928.14416120423,428,-0.000499999999999945,-0.00499999999999945,-0.788062255956637,0.00718840805507592,1.03739191001042,3.81315058931978,0.00040669933956477,0.0263334965028492,0.0065630550189951,0.339142547499021,-0.00153508509445582,5477.66339786745,4931.4257975476,-546.237600319844,-1555.38122016505,8.00788420870019
6500,6.5,compression,1,0.98375,0.01625,1.9675,0.98375,5204.57433290978,1.01651842439644,5479.05361322219,4564.60543981054,-914.448173411654,-1497.55981593937,7.50564178601636,912.921087962108,415,-0.000499999999999945,-0.00499999999999945,-0.748779907969604,0.00375282089300777,1.03852186922438,3.61341271759958,0.000415124036913755,0.0154921385052217,0.000995586789822601,0.360139652601454,0.00399253916206432,5479.05798547636,4893.03990057967,-586.018084896687,-1552.11168402794,8.29345335133428
6600,6.6,compression,1,0.9835,0.0165,1.967,0.9835,5205.89730554143,1.01677681748856,5480.44371535096,5143.85599978136,-336.5877155696,-1532.50278125813,8.00900193708153,1028.77119995627,482,-0.000499999999999945,-0.00499999999999945,-0.76625139062898,0.00400450096854033,1.03674003093046,3.68898503216192,0.000425222100601603,0.0355427938666285,0.00119207477260443,0.464559829344781,0.00741853822696715,5480.45206436337,4900.88104483643,-579.571019526935,-1552.92840398813,8.2480580566762
6700,6.7,compression,1,0.98325,0.01675,1.9665,0.98325,5207.22095092804,1.01703534197813,5481.81463835137,4941.78231186518,-540.032326486191,-1530.15941857433,14.8620183003051,988.356462373038,422,-0.000500000000000167,-0.00500000000000167,-0.765079709287422,0.00743100915015504,1.04094632269409,3.55333970962199,0.00033514169845541,0.0249961572247,0.00088051734436501,0.458745958537507,0.00940992622176662,5481.84977236794,4836.18872965281,-645.661042715125,-1550.9720229095,8.73868360417351
6800,6.8,compression,1,0.983,0.017,1.966,0.983,5208.54526958291,1.01729399796541,5483.24653314191,5504.50948604081,21.2629528989019,-1592.64993982046,1.21369323695233,1100.90189720816,478,-0.000499999999999945,-0.00499999999999945,-0.79632496991014,0.000606846618476098,1.03709228167048,3.70697760642814,0.000397744432475433,0.0258627340387561,0.00690815274507158,0.339928864780924,0.0033929912483941,5483.24850733617,4863.58547278314,-619.66303455302,-1551.11235468386,8.70506823322969
6900,6.9,compression,1,0.98275,0.01725,1.9655,0.98275,5209.87026201984,1.01755278555075,5484.63059624456,5079.94783005011,-404.682766194453,-1516.62673754499,5.62297903022841,1015.98956601002,425,-0.000499999999999945,-0.00499999999999945,-0.758313368772412,0.0028114895151139,1.03502259476021,3.73485198820206,0.000395079146459662,0.0265824111642201,0.000399182867056412,0.466908136903296,0.00928348666117979,5484.64388318116,4917.67323569422,-566.970647486941,-1549.68314101399,9.61839938684862
7000,7,compression,1,0.9825,0.0175000000000001,1.965,0.9825,5211.19592875318,1.01781170483461,5486.0237893937,5774.64372760356,288.61993820986,-1538.89205255282,10.475369262883,1154.92874552071,471,-0.000500000000000167,-0.00500000000000167,-0.769446026276668,0.00523768463144325,1.03805467882027,3.66503551454775,0.000282447802464171,0.019907194309091,0.00411362211243939,0.336931389912399,-0.000844489633683526,5486.038335614,4945.7343546737,-540.3039809403,-1548.28327811509,9.62221681389712
7100,7.1,compression,1,0.98225,0.01775,1.9645,0.98225,5212.52227029779,1.01807075591754,5487.4310908786,5046.27882880219,-441.15226207641,-1514.3625343807,8.43083922761427,1009.25576576044,438,-0.000499999999999945,-0.00499999999999945,-0.757181267190265,0.00421541961380667,1.04317011876037,3.69057614072508,0.000454801170282569,0.0256776234379992,0.00586858171264538,0.486871223934558,-0.013185273237372,5487.43700410347,4953.96952860453,-533.467475498932,-1546.63575930639,9.85253376352435
7200,7.2,compression,1,0.982,0.018,1.964,0.982,5213.84928716904,1.0183299389002,5488.81312420654,4732.22426144462,-756.588862761924,-1541.89406567686,-4.02639391481241,946.444852288924,404,-0.000499999999999945,-0.00499999999999945,-0.770947032838346,-0.00201319695740598,1.03332149693236,3.58841362286556,0.00039235374974147,0.0160950812512378,0.00459207014967033,0.383568108398547,-0.0117979960104767,5488.83609462702,4971.2673601241,-517.568734502923,-1545.92092880477,9.87536088483773
7300,7.3,compression,1,0.98175,0.01825,1.9635,0.98175,5215.17697988286,1.01858925388337,5490.22700136162,4488.98441331261,-1001.24258804901,-1593.69730887026,18.9486361274168,897.796882662522,384,-0.000499999999999945,-0.00499999999999945,-0.796848654435045,0.00947431806370735,1.04300118837151,3.63177971176053,0.000318401158942822,0.0406757981853175,0.00134684389804236,0.612136177735642,0.0117781354492549,5490.23563267645,5026.92036628887,-463.315266387575,-1547.74005751052,9.30163979384325
7400,7.4,compression,1,0.9815,0.0185,1.963,0.9815,5216.50534895568,1.01884870096791,5491.63792082963,5103.91306421744,-387.724856612187,-1541.15635958473,10.093914411464,1020.78261284349,436,-0.000499999999999945,-0.00499999999999945,-0.770578179792281,0.00504695720573145,1.04174198924785,3.78068010738333,0.000575592399172696,0.0208310401153859,0.00553937247103406,0.541237889951928,-0.0153240413461361,5491.63406209136,4999.23961841488,-492.39444367648,-1543.29872097338,9.82704940880682
7500,7.5,compression,1,0.98125,0.01875,1.9625,0.98125,5217.83439490446,1.01910828025478,5493.01908650553,4971.43900053114,-521.580085974385,-1528.4139468117,12.7549799605908,994.287800106229,443,-0.000500000000000167,-0.00500000000000167,-0.764206973406106,0.00637748998029752,1.03581576906702,3.65755257000475,0.00039162105994611,0.018204275108676,0.0104394211410361,0.403919764091493,-0.00884088279768775,5493.0300418159,4988.42944892139,-504.600592894504,-1543.82425392283,9.35949478663315
7600,7.6,compression,1,0.981,0.019,1.962,0.981,5219.16411824669,1.01936799184506,5494.42809952529,4852.25147721938,-642.176622305913,-1575.2616642753,10.6009119111337,970.450295443877,441,-0.000499999999999945,-0.00499999999999945,-0.787630832137563,0.00530045595556627,1.03429905459437,3.67569900962978,0.000268921725244736,0.0216924099742537,0.00807315221918727,0.529092301383396,-0.00569988214040123,5494.42764782979,5015.39936997166,-479.028277858139,-1544.7171304537,9.22647960320512
7700,7.7,compression,1,0.98075,0.01925,1.9615,0.98075,5220.49451950038,1.01962783583992,5495.89433588243,3703.29020090074,-1792.6041349817,-1509.90738372054,15.641763434341,740.658040180148,349,-0.000499999999999945,-0.00499999999999945,-0.754953691860186,0.00782088171716966,1.036472902977,3.89138242053607,0.000463532607918521,0.0251589611953309,0.00786367440923842,0.355323124793869,0.0307087882258521,5495.82745017608,5002.32598468161,-493.501465494472,-1543.48539744401,9.28886089533239
7800,7.8,compression,1,0.9805,0.0195000000000001,1.961,0.9805,5221.82559918409,1.01988781234064,5497.24170567728,6054.04018591079,556.798480233513,-1572.54979304717,10.0337022249579,1210.80803718216,549,-0.000500000000000167,-0.00500000000000167,-0.786274896523846,0.00501685111248062,1.04232600366484,3.66503551454775,0.000525214535658751,0.0185141546374914,0.00535903555073407,0.279733298741872,-0.0045974161706422,5497.22840250857,4980.54483867073,-516.68356383784,-1546.70586716902,8.29455634474484
7900,7.9,compression,1,0.98025,0.01975,1.9605,0.98025,5223.15735781688,1.02014792144861,5498.62771795205,4973.60357429892,-525.024143653131,-1543.65689778237,18.8568045578935,994.720714859784,465,-0.000499999999999945,-0.00499999999999945,-0.771828448891098,0.0094284022789457,1.04405742148269,3.67516656970381,0.000264734413407034,0.032658875911407,0.00416258663349831,0.547609963616682,-0.00188043284021883,5498.63089602045,4960.04655280384,-538.584343216606,-1543.43527027554,9.04371576435733
8000,8,compression,1,0.98,0.02,1.96,0.98,5224.48979591837,1.02040816326531,5500.0041275879,5067.46633640626,-432.537791181639,-1506.23432507631,7.19006349003627,1013.49326728125,425,-0.000499999999999945,-0.00499999999999945,-0.753117162538071,0.00359503174501774,1.03431330840455,3.6554117722972,0.000255858735663235,0.0220117714446171,0.00193466527370979,0.310228503565022,-0.00536171355914083,5500.03371134038,4952.72753223441,-547.306179105971,-1546.30053652237,9.6411638537683
8100,8.1,compression,1,0.97975,0.02025,1.9595,0.97975,5225.82291400868,1.02066853789232,5501.40429464858,4745.00298182803,-756.40131282055,-1546.15961075942,13.6616373240576,949.000596365607,433,-0.000499999999999945,-0.00499999999999945,-0.773079805379625,0.00683081866202806,1.03761571305822,3.59386300128645,0.000177578901057207,0.0226046584565407,0.00414902039723558,0.519502272308361,0.00294880342104741,5501.43625538555,4895.07330748213,-606.36294790343,-1550.36694066961,9.79373384183333
8200,8.2,compression,1,0.9795,0.0205,1.959,0.9795,5227.15671260847,1.02092904543134,5502.80296509082,5320.21722455279,-182.585740538027,-1530.67238673974,11.0601978938022,1064.04344491056,466,-0.000499999999999945,-0.00499999999999945,-0.765336193369787,0.00553009894690049,1.03901423523605,3.56763007393181,0.000237089586435282,0.0278020088924466,0.000889172331089822,0.645782505639935,0.00339351954377401,5502.84081219439,4907.86604992828,-594.974762266106,-1552.83498220954,9.86884835029237
8300,8.3,compression,1,0.97925,0.02075,1.9585,0.97925,5228.49119223896,1.02118968598417,5504.25672648921,5513.6285857762,9.37185928698636,-1587.83569437257,0.473673930119053,1102.72571715524,452,-0.000500000000000167,-0.00500000000000167,-0.793917847186551,0.000236836965059606,1.03234628174481,3.61936517987392,0.000166760338094908,0.0232286077219718,0.000365186199277017,0.389994744958844,-0.00631174040578185,5504.2463112457,4939.18871648836,-565.057594757337,-1556.27349195932,10.2187473418141
8400,8.4,compression,1,0.979,0.021,1.958,0.979,5229.82635342186,1.02145045965271,5505.58979713228,4761.62625033875,-743.963546793527,-1532.95591173977,10.5817873427084,952.325250067751,439,-0.000499999999999945,-0.00499999999999945,-0.766477955869799,0.0052908936713536,1.03939989270683,3.51958456897408,0.000354730356819244,0.0257299139191414,0.00199272821636819,0.615737703413818,-0.00508519850745784,5505.65534606092,5005.70298930007,-499.952356760854,-1552.92969552373,9.47424630163024
8500,8.5,compression,1,0.97875,0.02125,1.9575,0.97875,5231.16219667944,1.02171136653895,5507.0399986614,4413.70724665787,-1093.33275200354,-1587.16070385183,4.55816904450629,882.741449331574,378,-0.000499999999999945,-0.00499999999999945,-0.79358035192583,0.00227908452225289,1.03488267171361,3.62260785501728,0.00022711305001457,0.0380268837220341,0.00322385107504004,0.61310032029967,0.016399130158457,5507.06176921407,5005.35352635284,-501.708242861237,-1554.5017690985,9.58593977931489
8600,8.6,compression,1,0.9785,0.0215000000000001,1.957,0.9785,5232.49872253449,1.02197240674502,5508.40333951403,5130.97378186604,-377.42955764799,-1516.31022308767,4.71232293402777,1026.19475637321,424,-0.000500000000000167,-0.00500000000000167,-0.75815511154409,0.00235616146701467,1.0336992975457,3.49167306916295,0.00033178710806476,0.0189151928726031,0.00220610731489044,0.245697748078258,-0.010948201603539,5508.46882762272,4941.35756321635,-567.111264406368,-1556.08706382318,9.94673299127755
8700,8.7,compression,1,0.97825,0.02175,1.9565,0.97825,5233.83593151035,1.02223358037312,5509.8395646229,4869.31490869029,-640.52465593261,-1506.63638805474,9.31900907175423,973.862981738059,408,-0.000499999999999945,-0.00499999999999945,-0.753318194027288,0.0046595045358766,1.04038908528242,3.5134630637858,0.000197160946633835,0.0278138534101103,0.000891734580593445,0.550958613601407,0.00603177270038467,5509.87479529535,4933.61309294364,-576.261702351717,-1556.15637208256,9.91815145542334
8800,8.8,compression,1,0.978,0.022,1.956,0.978,5235.17382413088,1.02249488752556,5511.2346373337,4484.3782456368,-1026.8563916969,-1597.78928279936,-6.01837726203347,896.875649127361,372,-0.000499999999999945,-0.00499999999999945,-0.798894641399593,-0.0030091886310164,1.03207455708693,3.52902419114448,0.000211989257936951,0.0423682261431085,0.00108413292962199,0.588863391715109,-0.00446234174085479,5511.27880794112,4986.73982626546,-524.538981675657,-1558.76612889248,9.54906841981473
8900,8.9,compression,1,0.97775,0.02225,1.9555,0.97775,5236.51240092048,1.02275632830478,5512.6988968914,5074.0454828362,-438.653414055197,-1523.96740505739,16.9460410488146,1014.80909656724,456,-0.000499999999999945,-0.00499999999999945,-0.761983702528611,0.00847302052440635,1.03584710540735,3.73694727699981,0.000245115444132598,0.0288083576343149,0.00877227782178917,0.574197582564509,-0.00331120248021559,5512.686159674,4952.63199845978,-560.054161214226,-1559.90347356199,9.42679487492337
9000,9,compression,1,0.9775,0.0225,1.955,0.9775,5237.85166240409,1.0230179028133,5514.08971796319,4926.24839809209,-587.8413198711,-1576.7973287286,18.1693889078589,985.249679618419,435,-0.000499999999999945,-0.00499999999999945,-0.788398664364213,0.00908469445392845,1.03897678808276,3.62908451308744,0.000188723353096964,0.0292011925862105,0.00631371139116356,0.600518655549199,-0.00655906394220628,5514.09689638417,4946.46200354081,-567.634892843357,-1560.40398752647,9.36179002321781
9100,9.1,compression,1,0.97725,0.02275,1.9545,0.97725,5239.19160910719,1.02327961115375,5515.47721434226,4563.90500780548,-951.57220653678,-1624.28653964485,13.6793390122486,912.781001561098,385,-0.000500000000000167,-0.00500000000000167,-0.812143269822696,0.00683966950612658,1.04142755720853,3.57256342047925,0.000251416897244566,0.0184105216402282,0.0116834885462216,0.451363260693879,-0.00326835851593106,5515.51011672175,4928.90073135233,-586.609385369412,-1560.71894698621,9.61736497074892
9200,9.2,compression,1,0.977,0.023,1.954,0.977,5240.53224155578,1.02354145342886,5516.92678386408,5314.92642017146,-202.000363692621,-1566.19140671918,10.008243905254,1062.98528403429,489,-0.000499999999999945,-0.00499999999999945,-0.783095703359503,0.00500412195262645,1.04029264292356,3.67250321217616,0.000127432658386321,0.0436709543338938,0.000789279208599966,0.832389715871702,0.00385001965999732,5516.92208710699,4989.47541807692,-527.446669030063,-1559.39307268041,9.24297128144876
9300,9.3,compression,1,0.97675,0.02325,1.9535,0.97675,5241.87356027643,1.02380342974149,5518.32860428413,5390.00025920635,-128.328345077778,-1614.10277042217,3.32148490714427,1078.00005184127,470,-0.000499999999999945,-0.00499999999999945,-0.807051385210994,0.00166074245357195,1.03577513761324,3.72015192333338,0.00023501027104152,0.0282182356815168,0.00392265495434364,0.484898853516049,0.00480618345634119,5518.33459951441,4957.25744304161,-561.077156472801,-1560.21058478144,9.03644158933745
9400,9.4,compression,1,0.9765,0.0235000000000001,1.953,0.9765,5243.21556579621,1.02406554019457,5519.81673248123,5885.78414235836,365.967409877133,-1523.47758372293,3.31411428355533,1177.15682847167,492,-0.000500000000000167,-0.00500000000000167,-0.761738791861717,0.00165705714177822,1.03487463937574,3.79617687998196,0.000152340136083441,0.0308398308294243,0.00404377927377608,0.568763298355153,-0.00937279496224188,5519.75080364003,4908.75880893804,-610.991994701996,-1557.62815259337,9.64459289092235
9500,9.5,compression,1,0.97625,0.02375,1.9525,0.97625,5244.55825864277,1.02432778489117,5521.17280704585,5096.57434232562,-424.598464720225,-1574.16990465497,12.4394774428418,1019.31486846513,453,-0.000499999999999945,-0.00499999999999945,-0.787084952327399,0.00621973872142023,1.03794916928139,3.67143732818559,0.000185974260882523,0.0154100654576501,0.00103468567286745,0.309595754021526,-0.0104283514871312,5521.16515377869,4935.42219429429,-585.742959484403,-1557.76254447786,9.3149889054413
9600,9.6,compression,1,0.976,0.024,1.952,0.976,5245.90163934426,1.02459016393443,5522.56731308713,3627.523774665,-1895.04353842214,-1561.70513602993,20.3316374118066,725.504754933,345,-0.000499999999999945,-0.00499999999999945,-0.780852568014881,0.0101658187059022,1.04451433500527,3.69428606238921,0.000190698853045764,0.0322171316212366,0.000322901157138169,0.546952422813435,0.0125138988032817,5522.57821740897,4966.40119357,-556.177023838965,-1553.35259682673,9.55067178051393
9700,9.7,compression,1,0.97575,0.02425,1.9515,0.97575,5247.24570842941,1.02485267742762,5523.95342065058,4689.61760149235,-834.335819158236,-1576.71713772228,10.0006996581954,937.92352029847,402,-0.000499999999999945,-0.00499999999999945,-0.788358568861052,0.00500034982909714,1.04176337396539,3.59984778978071,0.000149986206899627,0.0117797401349101,0.00263413329632655,0.373496413971455,0.00398290839651055,5523.99444922439,4930.28033924744,-593.714109976951,-1557.50038428984,9.00442532870743
9800,9.8,compression,1,0.9755,0.0245,1.951,0.9755,5248.59046642747,1.02511532547412,5525.37860144345,4818.95160065902,-706.427000784434,-1564.71227672891,7.89101968656023,963.790320131805,442,-0.000499999999999945,-0.00499999999999945,-0.782356138364371,0.00394550984327968,1.03522160050426,3.66129595397891,0.000155574088356253,0.0239386908586093,0.00363646156937638,0.294935170149809,0.00930469076509591,5525.41248274703,4956.64022958441,-568.772253162611,-1561.22897350745,9.39000350386613
9900,9.9,compression,1,0.97525,0.02475,1.9505,0.97525,5249.93591386824,1.02537810817739,5526.79609206789,5337.77580199144,-189.020290076451,-1596.43403110687,7.4659577822393,1067.55516039829,472,-0.000500000000000167,-0.00500000000000167,-0.798217015553702,0.0037329788911209,1.03862222944453,3.57091972891744,0.000269337701145466,0.0235312587462569,0.00235288754466902,0.295404625777134,-0.0208250289471413,5526.8300496505,5012.00231585793,-514.82773379257,-1552.07535127256,10.1427786332468
10000,10,compression,1,0.975,0.025,1.95,0.975,5251.28205128205,1.02564102564103,5528.25318886557,4844.0336810007,-684.219507864872,-1554.16769103631,17.4917026720768,968.806736200141,431,-0.000499999999999945,-0.00499999999999945,-0.777083845518067,0.00874585133603745,1.04408319485168,3.77342650038609,0.000405338606698695,0.0196781492025502,0.0069636702130184,0.439509728222946,-0.00581029887205592,5528.24422753023,4979.03088070722,-549.213346823011,-1553.71482909357,9.92754403575361
10100,10.1,compression,1,0.97475,0.02525,1.9495,0.97475,5252.62887919979,1.02590407796871,5529.68175467696,4698.67962044817,-831.002134228787,-1512.848473731,12.5571373881895,939.735924089635,421,-0.000499999999999945,-0.00499999999999945,-0.756424236865416,0.00627856869409404,1.04474140967711,3.75053812185965,0.000406308264271012,0.0149773614714708,0.00436883376713838,0.391988212207134,0.00874565697678657,5529.66091196744,4967.73771635598,-561.923195611454,-1551.56384849561,9.33481632697102
10200,10.2,compression,1,0.9745,0.0255000000000001,1.949,0.9745,5253.9763981529,1.02616726526424,5531.05567273863,6017.0714030444,486.015730305765,-1518.31625033744,5.79936984875424,1203.41428060888,519,-0.000500000000000167,-0.00500000000000167,-0.759158125168973,0.00289968492437809,1.04137482004742,3.72225548692999,0.000296128380460915,0.0351889177988187,0.00607350828950246,0.533134209550773,-0.00940172108647208,5531.07827138898,4992.99198448566,-538.086286903315,-1549.28131376213,9.1047530769202
10300,10.3,compression,1,0.97425,0.0257500000000001,1.9485,0.97425,5255.32460867334,1.02643058763151,5532.4657256467,4643.63974881119,-888.825976835516,-1547.84014086138,6.72307435946469,928.727949762238,409,-0.000499999999999945,-0.00499999999999945,-0.773920070430606,0.00336153717973198,1.04129024763888,3.63877788563392,0.00026961226815379,0.0168919682818783,0.00857086433146406,0.46887296401826,-0.00218057542059512,5532.49768535631,5000.79197230026,-531.705713056052,-1547.83895743047,9.50577961040018
10400,10.4,compression,1,0.974,0.026,1.948,0.974,5256.67351129363,1.02669404517454,5533.99701312731,4495.15726960121,-1038.8397435261,-1533.60461842317,13.2448512634019,899.031453920243,399,-0.000499999999999945,-0.00499999999999945,-0.766802309211499,0.00662242563170024,1.04358115398583,3.81058367513502,0.000323201471454207,0.0239623566797412,0.00411260788176859,0.434696495156004,0.0119172175376572,5533.91839675128,4966.27758522993,-567.640811521352,-1541.25640369713,9.24450024515311
10500,10.5,compression,1,0.97375,0.02625,1.9475,0.97375,5258.02310654686,1.02695763799743,5535.29115004414,5321.55734282005,-213.733807224085,-1535.77814131409,3.66010364760645,1064.31146856401,481,-0.000499999999999945,-0.00499999999999945,-0.767889070656959,0.00183005182380303,1.03791229884235,3.57201560733174,0.000208647805634972,0.0216505467029256,0.00447101511769725,0.446875880030659,-0.00993112407322546,5535.34029534533,4920.33583063511,-615.004464710218,-1542.42977289927,9.25821694198476
10600,10.6,compression,1,0.9735,0.0265,1.947,0.9735,5259.37339496661,1.02722136620442,5536.71433489712,5064.26623144779,-472.448103449331,-1494.55180317809,9.50750942103145,1012.85324628956,468,-0.000499999999999945,-0.00499999999999945,-0.747275901588963,0.0047537547105152,1.03970597078813,3.54617293229665,0.000275609132281718,0.0246334411918723,0.00547386844886582,0.624342380221008,-0.00750389830222789,5536.76231025285,4901.20714946217,-635.555160790676,-1539.14782608132,8.78148772818249
10700,10.7,compression,1,0.97325,0.0267500000000001,1.9465,0.97325,5260.72437708708,1.02748522989982,5538.14420763797,4372.43584109227,-1165.7083665457,-1603.41375981301,-6.75885255390881,874.487168218455,382,-0.000500000000000167,-0.00500000000000167,-0.801706879906774,-0.00337942627695553,1.03394707675187,3.54341261979594,0.00022261620706495,0.022073591477519,0.00410652732058117,0.434049745119118,0.00560546496998546,5538.18501924941,4991.2560326679,-546.928986581504,-1538.97514259955,8.24782089170778
10800,10.8,compression,1,0.973,0.027,1.946,0.973,5262.07605344296,1.02774922918808,5539.61826859823,5422.87260576675,-116.745662831478,-1584.93676162457,17.4161507500871,1084.57452115335,440,-0.000499999999999945,-0.00499999999999945,-0.792468380812197,0.00870807537504259,1.04200796105523,3.74322610631185,0.000223870548627699,0.0246259586583829,0.00453481693839399,0.333106135493804,0.00401423616313972,5539.60923423281,4974.52623742054,-565.082996812263,-1534.54480303296,8.36143363274808
10900,10.9,compression,1,0.97275,0.02725,1.9455,0.97275,5263.42842456952,1.02801336417373,5541.00354230661,5646.98205738057,105.978515073962,-1405.56321586656,9.78990045496017,1129.39641147612,505,-0.000499999999999945,-0.00499999999999945,-0.702781607933201,0.00489495022747954,1.03961834481038,3.65219822286521,0.000146878165722906,0.0174192783367722,0.0030397107431298,0.289795741174491,-0.0115779436448673,5541.03314362038,4990.77802475915,-550.255118861231,-1533.43026897094,8.89330073447849
11000,11,compression,1,0.9725,0.0275000000000001,1.945,0.9725,5264.78149100257,1.02827763496144,5542.3966323658,4381.64534467135,-1160.75128769444,-1558.39643929864,12.426114501458,876.329068934272,378,-0.000500000000000167,-0.00500000000000167,-0.779198219649578,0.00621305725073107,1.03963045202148,3.49671358147068,0.000182738076860677,0.024310102646642,0.00464878170856241,0.312604697638472,0.00244371724290067,5542.4581073964,4926.67140008308,-615.786707313321,-1527.27315972004,8.63388984145339
11100,11.1,compression,1,0.97225,0.0277500000000001,1.9445,0.97225,5266.13525327848,1.02854204165595,5543.84009114453,4689.09194671611,-854.748144428418,-1531.62673617157,5.72210702342454,937.818389343222,406,-0.000499999999999945,-0.00499999999999945,-0.765813368085701,0.00286105351171195,1.03592357752292,3.59440748473799,0.000152548868839771,0.0246247628105261,0.00678838769640516,0.481671598864975,-0.00237412562588267,5543.88080433579,4944.69285048192,-599.187953853873,-1529.32971619745,8.29572185983538
11200,11.2,compression,1,0.972,0.028,1.944,0.972,5267.48971193416,1.02880658436214,5545.24176219455,5094.24463852869,-450.997123665864,-1576.35331024164,8.84801076118133,1018.84892770574,412,-0.000499999999999945,-0.00499999999999945,-0.788176655120732,0.00442400538059018,1.03406596051089,3.56708150314762,0.000201061592963759,0.0289158873118473,0.00116383833706092,0.381419829260753,0.00434179658461212,5545.30319827637,5004.86688110466,-540.436317171705,-1530.10205630233,8.20776412712236
11300,11.3,compression,1,0.97175,0.02825,1.9435,0.97175,5268.84486750707,1.02907126318498,5546.73447717805,5478.72616427797,-68.0083129000832,-1535.90192375438,18.4298011083335,1095.74523285559,493,-0.000499999999999945,-0.00499999999999945,-0.767950961877108,0.00921490055416574,1.04487912610026,3.7442715542044,0.000284426923936759,0.010827050324101,0.000391043916822492,0.21194689700224,-0.0144575441898813,5546.72996081939,4944.57489437533,-602.155066444062,-1529.24262800354,8.20136251788524
11400,11.4,compression,1,0.9715,0.0285,1.943,0.9715,5270.20072053525,1.02933607822954,5548.16354357856,4665.19813072948,-882.965412849086,-1475.86914202198,-2.16538176304428,933.039626145897,408,-0.000499999999999945,-0.00499999999999945,-0.737934571010911,-0.00108269088152202,1.0355880063573,3.70961621278859,0.000385919252278304,0.0321354715352756,0.0100516659780456,0.479751925346577,-0.00330107132399516,5548.1544022679,4896.2011056144,-651.9532966535,-1528.17286154093,8.16248296060233
11500,11.5,compression,1,0.97125,0.0287500000000001,1.9425,0.97125,5271.55727155727,1.02960102960103,5549.67660295629,4921.00729586723,-628.669307089065,-1548.11833696789,3.60216491702005,984.201459173446,376,-0.000500000000000167,-0.00500000000000167,-0.774059168484204,0.00180108245851063,1.0359271808648,3.80029868019718,0.000319018615777801,0.0240270406918241,0.00624729442875259,0.54055920395006,0.0137373453426246,5549.57450474704,4913.64142706914,-635.933077677898,-1527.9586618382,7.39276024018045
11600,11.6,compression,1,0.971,0.029,1.942,0.971,5272.91452111226,1.02986611740474,5551.0351201037,4694.87203769386,-856.163082409838,-1505.24902147801,2.42816395299421,938.974407538773,401,-0.000499999999999945,-0.00499999999999945,-0.752624510738921,0.00121408197649697,1.03665435501687,3.70328039909021,0.000246957962748047,0.0386937375098682,0.00114385768644262,0.580967152785735,0.0108883339657947,5551.00223678261,4919.79267208475,-631.209564697858,-1526.68677395166,7.6634793333923
11700,11.7,compression,1,0.97075,0.02925,1.9415,0.97075,5274.27246973989,1.03013134174607,5552.4442020149,5518.55032198538,-33.8938800295127,-1558.07878291282,9.12463384583762,1103.71006439708,442,-0.000499999999999945,-0.00499999999999945,-0.779039391456323,0.00456231692291831,1.04081475099692,3.69640434585593,0.000167823176731194,0.0199289265468822,0.000771752375638536,0.384102392389522,-0.0149488982810777,5552.43688591193,4902.45820253138,-649.978683380553,-1529.45227156545,7.91339824048886
11800,11.8,compression,1,0.9705,0.0295000000000001,1.941,0.9705,5275.63111798042,1.03039670273055,5553.861935302,4338.29190129782,-1215.57003400417,-1483.6800068239,12.3865672200417,867.658380259565,398,-0.000500000000000167,-0.00500000000000167,-0.741840003412195,0.00619328361002291,1.03910964454123,3.58568582800318,0.000251264995440712,0.0290945386171387,0.00192971809860644,0.510157188898431,-0.0124393055065426,5553.86460755426,4954.6395439208,-599.225063633454,-1526.37528511211,8.79911707065979
11900,11.9,compression,1,0.97025,0.0297500000000001,1.9405,0.97025,5276.99046637465,1.0306622004638,5555.2806985824,5160.23913476962,-395.041563812781,-1541.30706142651,19.0602288228988,1032.04782695392,456,-0.000499999999999945,-0.00499999999999945,-0.770653530713169,0.00953011441144835,1.04943642709647,3.59386300128645,0.000215658268029362,0.0283981695824367,0.00295147569947199,0.514028743888777,-0.0184195731657423,5555.29082856003,4940.20099912907,-615.08982943096,-1524.24869680101,8.45012452144476
12000,12,compression,1,0.97,0.03,1.94,0.97,5278.35051546392,1.03092783505155,5556.72033136441,3991.53668379407,-1565.18364757033,-1467.13473683794,2.01832902871213,798.307336758815,374,-0.000499999999999945,-0.00499999999999945,-0.733567368418887,0.00100916451435595,1.04202831440088,3.65755257000475,0.000200334523119256,0.0331734257688433,0.00271554658671284,0.595294953342197,0.0154456699857654,5556.71789140374,4887.36389275005,-669.353998653694,-1530.49878083366,8.49284174177734
12100,12.1,compression,1,0.96975,0.03025,1.9395,0.96975,5279.71126579015,1.03119360659964,5558.1298245928,5222.48413937634,-335.645685216458,-1597.35537706192,10.3901750580986,1044.49682787527,442,-0.000499999999999945,-0.00499999999999945,-0.798677688530871,0.00519508752904874,1.04114301975815,3.58623155296304,0.00037531729656947,0.0192318876613115,0.00616976404130285,0.390650846499343,0.00876028432152369,5558.15157740075,4934.67129963031,-623.480277770441,-1528.90409668715,8.12355263878147
12200,12.2,compression,1,0.9695,0.0305,1.939,0.9695,5281.07271789582,1.03145951521403,5559.55202742904,5962.33426352577,402.782236096726,-1529.06761593348,10.7100250012161,1192.46685270515,550,-0.000499999999999945,-0.00499999999999945,-0.764533807966655,0.00535501250060744,1.03821058448071,3.61720178148584,0.000450049684336281,0.0330245830252042,0.00755310164082273,0.522809966440558,-0.0144329581881616,5559.582304049,4985.88297367632,-573.699330372684,-1531.23635713535,8.11163767733055
12300,12.3,compression,1,0.96925,0.0307500000000001,1.9385,0.96925,5282.43487232396,1.03172556100077,5561.01768614208,4750.93968172836,-810.078004413712,-1500.26825606291,5.6649360547748,950.187936345673,416,-0.000500000000000167,-0.00500000000000167,-0.750134128031706,0.00283246802738835,1.03935835389894,3.48381777671707,0.000251696902995941,0.0396488790146643,0.00636558276960573,0.562910527083089,-0.0135876711897659,5561.01791200717,4992.56631393702,-568.451598070145,-1529.34511574095,8.15658485375864
12400,12.4,compression,1,0.969,0.031,1.938,0.969,5283.79772961816,1.03199174406605,5562.37899606537,3627.79018483164,-1934.58881123373,-1525.37504514639,5.90660365652361,725.558036966329,360,-0.000499999999999945,-0.00499999999999945,-0.762687522573112,0.00295330182826148,1.04019403700926,3.39505799459932,0.000220531461719962,0.0207779757585083,0.00516150788553011,0.327061490589183,0.0124537684005151,5562.45092480493,5008.9877213486,-553.463203456328,-1529.83150934651,7.60385876496419
12500,12.5,compression,1,0.96875,0.03125,1.9375,0.96875,5285.16129032258,1.03225806451613,5563.8191651893,4861.40402015084,-702.415145038469,-1529.10642466589,-2.9193258654575,972.280804030168,396,-0.000499999999999945,-0.00499999999999945,-0.764553212332863,-0.00145966293272859,1.03708872185911,3.4226138716317,0.000249013682840673,0.0239229668562523,0.00589130002555204,0.458465773070088,0.00100756696705313,5563.88467899945,5038.65751624209,-525.227162757362,-1535.01255799685,8.16400615495603
12600,12.6,compression,1,0.9685,0.0315000000000001,1.937,0.9685,5286.52555498193,1.03252452245741,5565.27352279105,5450.73348814781,-114.540034643234,-1509.06849569688,9.34520460505527,1090.14669762956,479,-0.000500000000000167,-0.00500000000000167,-0.754534247848692,0.00467260230252919,1.03371049115228,3.46071042331641,0.000251517525822251,0.0247395729404025,0.0063624104088999,0.44598757262832,-0.00349808377018329,5565.31750086051,5021.63997778023,-543.677523080273,-1533.20610565324,8.44238581709366
12700,12.7,compression,1,0.96825,0.0317500000000001,1.9365,0.96825,5287.89052414149,1.03279111799639,5566.841966613,4700.24237082708,-866.599595785928,-1552.62725306763,14.7558064700591,940.048474165416,415,-0.000499999999999945,-0.00499999999999945,-0.776313626533731,0.00737790323502874,1.03824146599572,3.7275092022997,0.000317025413010996,0.0432810546548153,0.00766939913673885,0.774304060650561,0.0178154759538769,5566.75445829476,5095.92361061418,-470.830847680582,-1537.09064307041,8.8063916997842
12800,12.8,compression,1,0.968,0.032,1.936,0.968,5289.25619834711,1.03305785123967,5568.12636212672,5468.24401027009,-99.8823518566296,-1538.79704429288,11.8412428796808,1093.64880205402,489,-0.000499999999999945,-0.00499999999999945,-0.769398522146357,0.00592062143983973,1.04326541470816,3.39505799459932,0.000189810563632669,0.0177406965216321,0.00331502748016101,0.217038318962094,-0.00861431403283962,5568.19158589817,5063.21252763262,-504.979058265548,-1537.58399992752,8.97114090407267
12900,12.9,compression,1,0.96775,0.03225,1.9355,0.96775,5290.62257814518,1.03332472229398,5569.5689097195,5119.6631651404,-449.905744579102,-1540.27840709148,10.0873072165715,1023.93263302808,453,-0.000499999999999945,-0.00499999999999945,-0.770139203545657,0.00504365360828518,1.03690244602592,3.42547152752873,0.000285228842011293,0.0266918114558879,0.00135158666406849,0.419911471738039,-0.0112875649226956,5569.6307647252,5115.38498527769,-454.245779447507,-1542.65724044556,8.50533938353921
13000,13,compression,1,0.9675,0.0325,1.935,0.9675,5291.98966408269,1.03359173126615,5570.97186202457,4537.40282342112,-1033.56903860345,-1536.81498055217,10.6869620819444,907.480564684224,429,-0.000499999999999945,-0.00499999999999945,-0.768407490276,0.0053434810409716,1.03915010699882,3.33750554284668,0.000428959522686983,0.0124909718419927,0.000347961535620502,0.261587537306127,0.00201942173613763,5571.06986269016,5146.31148538838,-424.758377301785,-1542.15792678487,7.93266247674058
13100,13.1,compression,1,0.96725,0.0327500000000001,1.9345,0.96725,5293.35745670716,1.03385887826312,5572.50403830298,5375.10088915686,-197.403149146121,-1524.90807222194,4.67104333854462,1075.02017783137,467,-0.000500000000000167,-0.00500000000000167,-0.762454036111226,0.00233552166927309,1.03556954742906,3.54837963626397,0.000499020155146074,0.02702998778938,0.00721860848931525,0.505519034988189,0.00445496339492532,5572.50838683323,5170.37673383584,-402.131652997385,-1545.6400438946,8.25716232476533
13200,13.2,compression,1,0.967,0.033,1.934,0.967,5294.7259565667,1.03412616339193,5573.88535075773,5764.53710168221,190.651750924481,-1580.6042055838,5.47189283295529,1152.90742033644,505,-0.000499999999999945,-0.00499999999999945,-0.790302102791811,0.00273594641647734,1.03866876083144,3.38003809656734,0.000378652192347711,0.0363291354624865,0.00167905753705011,0.708032306346748,0.00239177874865723,5573.95286908154,5166.75106986207,-407.201799219469,-1547.87274170411,8.35928023814148
13300,13.3,compression,1,0.96675,0.03325,1.9335,0.96675,5296.09516420998,1.03439358675976,5575.38952931609,5234.59478400355,-340.794745312538,-1536.63724095912,9.79190146617112,1046.91895680071,460,-0.000499999999999945,-0.00499999999999945,-0.768318620479473,0.00489595073308502,1.04065182374338,3.60419412132419,0.000494881018348478,0.0277885504499186,0.0034966479402888,0.499650587028948,0.00759740917374554,5575.39270546865,5146.68337712125,-428.709328347406,-1545.23672823223,8.29561796168925
13400,13.4,compression,1,0.9665,0.0335000000000001,1.933,0.9665,5297.46508018624,1.03466114847388,5576.82774593102,5823.57571992109,246.747973990075,-1546.11618947121,6.82255324365005,1164.71514398422,528,-0.000500000000000167,-0.00500000000000167,-0.773058094735865,0.00341127662182616,1.03690357357706,3.59113934572183,0.000480610600651036,0.0165790150565839,0.000544326296953247,0.341500673676589,-0.00993966813686386,5576.83247809273,5148.1365379489,-428.695940143824,-1547.83256902294,8.50300768417153
13500,13.5,compression,1,0.96625,0.0337500000000001,1.9325,0.96625,5298.83570504528,1.03492884864166,5578.27238166355,5288.26382349275,-290.008558170803,-1584.67116367902,9.59771342678434,1057.65276469855,440,-0.000499999999999945,-0.00499999999999945,-0.792335581839424,0.00479885671339164,1.0337317741372,3.62152728590897,0.000562660036585406,0.0172507707580645,0.00177136737224066,0.275098774980682,-0.00414218394304824,5578.27854185001,5248.45578469064,-329.822757159375,-1548.77079682687,8.99419069147455
13600,13.6,compression,1,0.966,0.034,1.932,0.966,5300.20703933747,1.0351966873706,5579.76586203844,4563.63898816825,-1016.12687387019,-1510.18283775207,9.44813782191038,912.72779763365,406,-0.000499999999999945,-0.00499999999999945,-0.755091418875952,0.00472406891095467,1.03599996741711,3.67729586685215,0.000762823935301682,0.0240707611077693,0.00289817695927855,0.460804089268418,0.0145529041189685,5579.7243350886,5298.05326758878,-281.671067499815,-1549.17928176311,9.0694367784561
13700,13.7,compression,1,0.96575,0.03425,1.9315,0.96575,5301.57908361377,1.03546466476831,5581.21122622299,6254.82832720666,673.617100983673,-1586.82430723872,10.0722874894956,1250.96566544133,535,-0.000499999999999945,-0.00499999999999945,-0.793412153619273,0.00503614374474726,1.03953220426191,3.77290785197455,0.000659019020904106,0.016441136095201,0.000831481364507894,0.296175834468055,-0.016112392875116,5581.17024866471,5272.68064586593,-308.48960279878,-1552.59204588657,9.35114313087665
13800,13.8,compression,1,0.9655,0.0345,1.931,0.9655,5302.95183842569,1.03573278094252,5582.62388168643,4831.61757937261,-751.006302313819,-1568.43927691198,12.5843671358954,966.323515874523,428,-0.000499999999999945,-0.00499999999999945,-0.784219638455903,0.00629218356794703,1.03436476941308,3.68420758353693,0.000756262345403879,0.0280855280220407,0.000615128129787546,0.450992161192488,-0.0156241475039917,5582.61326661255,5271.67321746303,-310.940049149523,-1549.68706558653,9.21010895313426
13900,13.9,compression,1,0.96525,0.0347500000000001,1.9305,0.96525,5304.3253043253,1.03600103600104,5584.08469066971,5433.91351184441,-150.1711788253,-1590.21805770284,2.604735288839,1086.78270236888,480,-0.000500000000000167,-0.00500000000000167,-0.795109028851683,0.00130236764441993,1.03783264624205,3.74113433408574,0.000561591795323885,0.0353054944961412,0.00135799570776074,0.605236521413355,0.00622606158130246,5584.05961794308,5250.28498611961,-333.774631823475,-1551.40594879092,9.29527780947988
14000,14,compression,1,0.965,0.035,1.93,0.965,5305.69948186528,1.03626943005181,5585.50175584661,5809.69563709398,224.193881247369,-1530.82147455193,7.03401378012758,1161.9391274188,498,-0.000499999999999945,-0.00499999999999945,-0.765410737275881,0.0035170068900634,1.0351605464571,3.59549620427977,0.000582644854661939,0.0234240042381193,0.00158104277074234,0.410706451564871,-0.0303331442968325,5585.51027385111,5243.75900383913,-341.751270011974,-1553.22431204886,9.56678451547856
14100,14.1,compression,1,0.96475,0.03525,1.9295,0.96475,5307.07437159886,1.0365379632029,5586.92933836886,4496.90690119094,-1090.02243717792,-1540.25919614224,8.83282583723197,899.381380238188,389,-0.000499999999999945,-0.00499999999999945,-0.770129598071036,0.0044164129186155,1.04150770245395,3.55333970962199,0.000659867162082777,0.0164884479473868,0.00973675641913603,0.469254091036697,0.0034248153055034,5586.95870603907,5277.37693496664,-309.581771072431,-1553.55056257284,9.17537699794588
14200,14.2,compression,1,0.9645,0.0355000000000001,1.929,0.9645,5308.44997407983,1.03680663556247,5588.46395180738,5146.34519592715,-442.118755880228,-1644.2420310617,12.5346512389977,1029.26903918543,452,-0.000500000000000167,-0.00500000000000167,-0.822121015531125,0.00626732561950094,1.04516949419275,3.81058367513502,0.000571563025129637,0.0274138064449952,0.00470491971142841,0.47928033979816,0.0164090087872592,5588.40697035509,5284.99620432254,-303.410766032549,-1556.32408260615,9.69270854465498
14300,14.3,compression,1,0.96425,0.0357500000000001,1.9285,0.96425,5309.82628986259,1.03707544723879,5589.78859155839,5540.91271596844,-48.8758755899471,-1473.71133302412,9.37311719571913,1108.18254319369,465,-0.000499999999999945,-0.00499999999999945,-0.736855666511977,0.00468655859785905,1.04654952476108,3.44199914603864,0.000685374478785788,0.0245244462312333,0.00627738125506374,0.426412264730857,-0.0016704942085128,5589.85770440602,5253.03192582812,-336.825778577906,-1552.06920518771,9.9669141443368
14400,14.4,compression,1,0.964,0.036,1.928,0.964,5311.20331950207,1.03734439834025,5591.25291124762,4781.45605910912,-809.796852138497,-1554.78091266772,10.0201202269028,956.291211821826,436,-0.000499999999999945,-0.00499999999999945,-0.777390456333773,0.00501006011345084,1.03899750943214,3.57201560733174,0.00070266577680552,0.0164486722761313,0.000116567987785985,0.289236129918283,-0.00365861213072654,5591.30565463496,5280.54540371537,-310.760250919593,-1555.36932161975,9.93599774472853
14500,14.5,compression,1,0.96375,0.03625,1.9275,0.96375,5312.58106355383,1.03761348897536,5592.74633496834,5734.49436640805,141.74803143971,-1545.07782902887,16.2214468098871,1146.89887328161,493,-0.000499999999999945,-0.00499999999999945,-0.772538914514351,0.00811072340494268,1.0455015187009,3.57967736249644,0.000376455105577455,0.0369824372403127,0.00133997273924375,0.834651202880919,0.00231923772464949,5592.75364390506,5214.53593874138,-378.217705163687,-1555.59401699841,9.81976799610612
14600,14.6,compression,1,0.9635,0.0365,1.927,0.9635,5313.95952257395,1.03788271925272,5594.18082319961,5902.9511610119,308.770337812289,-1537.68460832692,-1.33915803884503,1180.59023220238,490,-0.000499999999999945,-0.00499999999999945,-0.768842304163375,-0.000669579019422439,1.03593442904718,3.53068738699103,0.000500461515458245,0.0254417851910574,0.000851476575436616,0.301627399461141,-0.0123315056915955,5594.20182001635,5203.08513566235,-391.116684354005,-1555.52885438198,10.3472853259043
14700,14.7,compression,1,0.96325,0.0367500000000001,1.9265,0.96325,5315.33869711913,1.03815208928108,5595.63770788945,4917.90843196795,-677.729275921499,-1580.73654228955,15.2610380058869,983.58168639359,405,-0.000500000000000167,-0.00500000000000167,-0.79036827114504,0.00763051900294598,1.03859905585386,3.62314801872042,0.000416627081195874,0.039604492558826,0.00275454010896194,0.530393868702189,-0.00612268235062126,5595.64924578761,5286.86183945225,-308.787406335356,-1556.81436126019,10.6054497773226
14800,14.8,compression,1,0.963,0.037,1.926,0.963,5316.71858774663,1.03842159916926,5597.14534351756,4679.08637436603,-918.058969151532,-1491.62266676684,11.794088737469,935.817274873206,376,-0.000499999999999945,-0.00499999999999945,-0.745811333383336,0.00589704436873384,1.04030529700453,3.69746303250111,0.000590820450335609,0.0234990294805456,0.00359160037692669,0.386074570102052,0.00734938815079873,5597.09615171555,5190.27961126598,-406.81654044957,-1555.57603411727,10.3205884973898
14900,14.9,compression,1,0.96275,0.03725,1.9255,0.96275,5318.09919501428,1.03869124902623,5598.49974006799,5019.09115205837,-579.408588009623,-1574.89359158514,13.6297888629386,1003.81823041167,428,-0.000499999999999945,-0.00499999999999945,-0.787446795792484,0.00681489443146854,1.03793235025084,3.50286435769569,0.000404663400399942,0.0239222288522973,0.0057523371535899,0.583177899317667,0.0011471741141968,5598.54815815161,5257.7485563729,-340.799601778717,-1547.56869403871,10.2217855275317
15000,15,compression,1,0.9625,0.0375000000000001,1.925,0.9625,5319.48051948052,1.03896103896104,5600.03268378791,4982.61753725032,-617.415146537585,-1578.46403550807,15.7889480425438,996.523507450065,459,-0.000500000000000167,-0.00500000000000167,-0.789232017754297,0.00789447402127452,1.03728377901941,3.75053812185965,0.000602421148475801,0.0359657517609612,0.00145212345735683,0.718841096719645,-0.00374540095696431,5600.00331664313,5245.94954892932,-354.053767713813,-1547.72398879478,10.310321405175
15100,15.1,compression,1,0.96225,0.0377500000000001,1.9245,0.96225,5320.86256170434,1.03923096908288,5601.38893797193,5243.37937709888,-358.009560873052,-1543.66624155583,2.46740421375807,1048.67587541978,479,-0.000499999999999945,-0.00499999999999945,-0.771833120777828,0.0012337021068789,1.03322663056604,3.39505799459932,0.000447845233492302,0.017054428736871,0.00145257805647744,0.453943699174908,0.00231891742160113,5601.45966476705,5221.45452151447,-380.005143252577,-1546.74042829214,10.7922636689581
15200,15.2,compression,1,0.962,0.038,1.924,0.962,5322.24532224532,1.03950103950104,5602.91758893923,5535.10554563063,-67.8120433085996,-1583.15199292144,15.5350058194358,1107.02110912613,512,-0.000499999999999945,-0.00499999999999945,-0.791575996460635,0.00776750290971706,1.03913299892731,3.63608787426187,0.000426434026400195,0.0195893940217279,0.00216735307831864,0.436252155884438,-0.00232636235845601,5602.91886854025,5228.8482085562,-374.070659984048,-1546.72730070134,11.1748064086806
15300,15.3,compression,1,0.96175,0.03825,1.9235,0.96175,5323.62880166363,1.03977125032493,5604.35076582745,5093.28725329943,-511.063512528018,-1491.25177979657,11.2302104262735,1018.65745065989,465,-0.000499999999999945,-0.00499999999999945,-0.745625889898201,0.00561510521313613,1.04200789880712,3.54286029922213,0.000397952180728263,0.034166814035442,0.00294295917085885,0.620221513464814,0.00306367806991752,5604.37200913465,5250.70024276287,-353.671766371776,-1544.30204026984,10.7639489540867
15400,15.4,compression,1,0.9615,0.0385,1.923,0.9615,5325.01300052002,1.04004160166407,5605.7964841238,5812.37781963585,206.581335512049,-1605.93968603193,9.14265707439744,1162.47556392717,469,-0.000499999999999945,-0.00499999999999945,-0.802969843015877,0.00457132853719822,1.03942110286124,3.52125222344765,0.000244593974072349,0.0304102420265001,0.00496078888589928,0.483386945483779,-0.00825405413082498,5605.83465622744,5228.82617399569,-377.008482231745,-1545.73371806353,10.5740344693281
15500,15.5,compression,1,0.96125,0.0387500000000001,1.9225,0.96125,5326.39791937581,1.04031209362809,5607.23552060308,4437.37695546718,-1169.8585651359,-1550.83479242315,4.38172852257943,887.475391093436,377,-0.000500000000000167,-0.00500000000000167,-0.775417396211832,0.00219086426129045,1.03631326691247,3.46240643440735,0.000346232644895101,0.0245446927353526,0.00422038789969034,0.386302292541029,0.00427412631616521,5607.29904345862,5227.04177816347,-380.257265295157,-1545.16735269036,10.4591631088157
15600,15.6,compression,1,0.961,0.039,1.922,0.961,5327.78355879292,1.04058272632674,5608.68408000068,5047.7969588332,-560.887121167479,-1583.30274873393,20.6755773525469,1009.55939176664,455,-0.000499999999999945,-0.00499999999999945,-0.791651374366875,0.0103377886762723,1.04291711024052,3.42604277268029,0.000290383494339477,0.0280774482805317,0.00599539114824158,0.371895741579969,0.00846108892427771,5608.75997670057,5183.48256454987,-425.277412150703,-1544.74245830764,10.7515910922947
15700,15.7,compression,1,0.96075,0.03925,1.9215,0.96075,5329.16991933385,1.04085349986989,5610.16180323479,6322.94976775623,712.787964521443,-1537.17848219461,14.8695913016937,1264.58995355125,592,-0.000499999999999945,-0.00499999999999945,-0.768589241097221,0.00743479565084604,1.03957858542558,3.47707054421846,0.000300513142543003,0.0241937000176622,0.000881921508687095,0.312253684061405,-0.00708083644472656,5610.22107557488,5162.47358173049,-447.74749384439,-1546.26052660482,11.1287396874412
15800,15.8,compression,1,0.9605,0.0395000000000001,1.921,0.9605,5330.55700156169,1.04112441436752,5611.59625070976,4226.60153529492,-1384.99471541484,-1560.81943723741,4.09020061090756,845.320307058985,382,-0.000500000000000167,-0.00500000000000167,-0.780409718618965,0.00204510030545446,1.03503032148511,3.3742434101585,0.000349013373975948,0.03414503489342,0.0024199559072495,0.663243606542347,0.0130342976995435,5611.68227335465,5186.98201224041,-424.700261114238,-1542.5281188485,10.8616716020645
15900,15.9,compression,1,0.96025,0.0397500000000001,1.9205,0.96025,5331.94480604009,1.04139546992971,5613.11601684374,6248.46542661783,635.349409774097,-1400.28513526223,10.5095047688753,1249.69308532357,541,-0.000499999999999945,-0.00499999999999945,-0.700142567631038,0.00525475238443707,1.03600173491076,3.44938237189701,0.000340009721214852,0.0299078924835964,0.00100168742375001,0.400663264326806,-0.00878721679881041,5613.1391651408,5182.73554360411,-430.403621536693,-1544.2730112257,10.6139636773705
16000,16,compression,1,0.96,0.04,1.92,0.96,5333.33333333333,1.04166666666667,5614.64301899168,5186.13435552937,-428.508663462312,-1593.47924758012,4.46398871934677,1037.22687110587,432,-0.000499999999999945,-0.00499999999999945,-0.79673962378997,0.00223199435967314,1.03400551981012,3.6570174880664,0.00030117137514961,0.0193430511420116,0.00358179160035919,0.307901188744773,-0.00133246456761265,5614.60131801678,5191.63050756369,-422.970810453091,-1541.12291346611,10.5623287461543
16100,16.1,compression,1,0.95975,0.04025,1.9195,0.95975,5334.72258400625,1.04193800468872,5616.08506644877,5295.3000613821,-320.785005066674,-1510.16670399667,17.1548013195745,1059.06001227642,507,-0.000499999999999945,-0.00499999999999945,-0.755083351998254,0.00857740065978629,1.04114826663725,3.69375630171217,0.00030821052925938,0.0642286028551441,0.00282391809449877,0.999334295943265,-0.00817099089616442,5616.06060951867,5191.74559847181,-424.315011046862,-1541.97220926853,10.0366629239459
16200,16.2,compression,1,0.9595,0.0405,1.919,0.9595,5336.11255862428,1.04220948410631,5617.57261760605,4652.17432906724,-965.398288538807,-1539.98351673541,16.8662233714031,930.434865813449,436,-0.000499999999999945,-0.00499999999999945,-0.769991758367619,0.0084331116857006,1.04225719509044,3.79720774948636,0.000293850713325211,0.0355161685870644,0.00690029478053507,0.694927517274426,0.0129893811598658,5617.52783916733,5219.32894748344,-398.198891683888,-1541.93978116196,10.2749678083903
16300,16.3,compression,1,0.95925,0.0407500000000001,1.9185,0.95925,5337.50325775345,1.04248110502997,5618.97990428977,5605.23791426726,-13.7419900225132,-1593.31156200018,3.90664469252669,1121.04758285345,505,-0.000500000000000167,-0.00500000000000167,-0.796655781000354,0.001953322346264,1.03446829729563,3.59604044044489,0.000392276547143583,0.0192088586096523,0.00636170614162864,0.410391325193497,0.00354081676310577,5618.98998843697,5175.44197950045,-443.548008936514,-1540.35483115539,9.7610514992914
16400,16.4,compression,1,0.959,0.041,1.918,0.959,5338.89468196038,1.04275286757039,5620.50418050697,5081.55727185767,-538.946908649301,-1503.77656669148,5.38491301578918,1016.31145437153,434,-0.000499999999999945,-0.00499999999999945,-0.751888283345659,0.00269245650789429,1.03999577890535,3.79463005062879,0.000303585587804588,0.0265826896646687,0.00546472206208742,0.387866850547777,-0.0175992288771816,5620.45666432395,5177.10720472505,-443.349459598892,-1541.7215377901,9.76488148020547
16500,16.5,compression,1,0.95875,0.04125,1.9175,0.95875,5340.28683181226,1.04302477183833,5622.00504310253,4743.98374663237,-878.021296470161,-1542.8872398313,7.60782165614233,948.796749326475,423,-0.000499999999999945,-0.00499999999999945,-0.771443619915564,0.00380391082807074,1.03657934047103,3.92343553275031,0.000656853457043527,0.0366132947784976,0.0106278980782812,0.696072791782323,-0.0102360751403878,5621.92331003702,5156.97183739645,-464.951472640571,-1539.1136399491,9.78353312107881
16600,16.6,compression,1,0.9585,0.0415000000000001,1.917,0.9585,5341.67970787689,1.04329681794471,5623.42593304935,4819.7508805226,-803.675052526746,-1536.15504699168,22.3624344629455,963.950176104521,419,-0.000500000000000167,-0.00500000000000167,-0.768077523496095,0.0111812172314765,1.04016782350358,3.77860906909733,0.000311401601405831,0.0238246878202949,0.00752095204118317,0.590752445912246,0.020702546203412,5623.39202064528,5164.4753975528,-458.916623092487,-1541.36391930338,9.94798111159592
16700,16.7,compression,1,0.95825,0.0417500000000001,1.9165,0.95825,5343.07331072267,1.04356900600052,5624.86389955999,5461.76252180485,-163.101377755141,-1569.5640425678,6.58096245923173,1092.35250436097,449,-0.000499999999999945,-0.00499999999999945,-0.784782021283813,0.00329048122961551,1.03817373783297,3.65326972009315,0.000341291957241763,0.0332133986619659,0.00156097707665416,0.798337076097453,-0.00298664056664397,5624.86129063887,5211.86142229522,-412.999868343658,-1541.06771598729,9.18656031005387
16800,16.8,compression,1,0.958,0.042,1.916,0.958,5344.46764091858,1.04384133611691,5626.32286126466,5432.58547267635,-193.737388588311,-1502.35597940675,9.6526082129766,1086.51709453527,516,-0.000499999999999945,-0.00499999999999945,-0.751177989703293,0.00482630410648777,1.03472355394349,3.6554117722972,0.000298236026652678,0.0304618388836652,0.00282137469629093,0.570254973771307,0.00177849977078464,5626.33006910825,5169.06898198379,-457.261087124462,-1541.81628036778,9.37759907552262
16900,16.9,compression,1,0.95775,0.04225,1.9155,0.95775,5345.86269903419,1.04411380840512,5627.74007102668,4589.91053300359,-1037.82953802309,-1528.265406688,6.59222231889373,917.982106600719,360,-0.000499999999999945,-0.00499999999999945,-0.764132703343917,0.0032961111594465,1.04012871159619,3.54120282062885,0.000301809018852051,0.0223124068435429,0.00172988134897687,0.408315129555183,0.00707903103437983,5627.80240651225,5206.3863791767,-421.416027335552,-1536.47390306345,9.56492190765093
17000,17,compression,1,0.9575,0.0425,1.915,0.9575,5347.25848563969,1.0443864229765,5629.20495046358,5205.88539520961,-423.319555253969,-1508.74153863374,12.5454553073983,1041.17707904192,442,-0.000499999999999945,-0.00499999999999945,-0.754370769316784,0.00627272765369846,1.04236560874757,3.45788188960043,0.000236999517982882,0.0311561761709069,0.00413185214713216,0.580709210356181,-0.00361932464305901,5629.27098956675,5165.37555807926,-463.895431487484,-1542.67959421367,9.2148762075998
17100,17.1,compression,1,0.95725,0.0427500000000001,1.9145,0.95725,5348.65500130582,1.04465917994254,5630.67780532753,4985.03444632075,-645.643359006774,-1596.29924735883,4.74996577616712,997.006889264151,404,-0.000500000000000167,-0.00500000000000167,-0.798149623679683,0.00237498288808435,1.03756916702498,3.49671358147068,0.000197102608336731,0.022477272972477,0.000673509421105042,0.292330767913151,0.00379608208310674,5630.73678017897,5148.4602788319,-482.276501347068,-1540.24183576634,9.71546668135171
17200,17.2,compression,1,0.957,0.043,1.914,0.957,5350.05224660397,1.04493207941484,5632.20076059383,5822.62970634322,190.428945749386,-1542.98525131796,7.47180678709152,1164.52594126864,521,-0.000499999999999945,-0.00499999999999945,-0.771492625658896,0.00373590339354535,1.04049800229333,3.61070380896663,0.000304125585704597,0.0326547974916452,0.00446191972381438,0.315541734542792,-0.00256117979625573,5632.20476966979,5171.07729931389,-461.1274703559,-1541.34436587017,9.0509907818894
17300,17.3,compression,1,0.95675,0.04325,1.9135,0.95675,5351.45022210609,1.0452051215051,5633.62272360166,4613.47921798792,-1020.14350561374,-1549.86804278352,4.74276332835862,922.695843597585,373,-0.000499999999999945,-0.00499999999999945,-0.774934021391674,0.00237138166417905,1.0356119415121,3.4871864973527,0.000212348750737854,0.0309111337963894,0.00676491536419277,0.66126766460076,-0.00522954266088542,5633.67032833458,5192.62676004692,-441.04356828766,-1542.18541883512,8.64584854772121
17400,17.4,compression,1,0.9565,0.0435000000000001,1.913,0.9565,5352.84892838474,1.04547830632514,5635.15095945395,5128.25698301598,-506.893976437964,-1519.9526191255,11.3106400254688,1025.6513966032,446,-0.000500000000000167,-0.00500000000000167,-0.759976309563001,0.00565532001273628,1.04093266116393,3.64039093834069,0.000386173794519937,0.0179760140879758,0.00637160586071258,0.361661347302564,0.00325953452185326,5635.1410182738,5198.9611371349,-436.179881138903,-1537.12185818441,8.72598591713319
17500,17.5,compression,1,0.95625,0.0437500000000001,1.9125,0.95625,5354.24836601307,1.04575163398693,5636.59604409833,5389.53510573513,-247.060938363203,-1551.17383137075,9.53434153273774,1077.90702114703,447,-0.000499999999999945,-0.00499999999999945,-0.775586915685287,0.00476717076636834,1.03639429979234,3.50677287098678,0.000189280293534976,0.0266694500666028,0.00832345468989054,0.438548227406641,-0.0064599064652439,5636.60638099262,5213.36019583923,-423.246185153389,-1540.91570011115,9.15484516028709
17600,17.6,compression,1,0.956,0.044,1.912,0.956,5355.64853556485,1.04602510460251,5638.07844337664,4594.95171875051,-1043.12672462614,-1598.0906588632,7.83513632343877,918.990343750102,421,-0.000499999999999945,-0.00499999999999945,-0.799045329431511,0.00391756816171895,1.03858328502854,3.5256954456864,0.000371603584096844,0.0386245867920694,0.0086789566890932,0.750598453286124,0.0055973375525928,5638.07075115561,5184.14364045201,-453.927110703596,-1542.43895884514,9.11557022248618
17700,17.7,compression,1,0.95575,0.04425,1.9115,0.95575,5357.04943761444,1.04629871828407,5639.53874986612,6042.90347842405,403.364728557932,-1577.08247909592,4.68574052016376,1208.58069568481,552,-0.000499999999999945,-0.00499999999999945,-0.788541239547873,0.00234287026008162,1.0345346047511,3.5367790802128,0.000316384153197557,0.021462853263566,0.00734527848715509,0.365897881736967,0.00162550688855124,5639.54268032227,5227.11739530557,-412.425285016703,-1540.20446727604,8.42807750880445
17800,17.8,compression,1,0.9555,0.0445,1.911,0.9555,5358.45107273679,1.0465724751439,5641.00615109161,5424.30852121617,-216.69762987544,-1552.89833418494,18.8814053765375,1084.86170424323,496,-0.000499999999999945,-0.00499999999999945,-0.776449167092382,0.00944070268826769,1.0446869919142,3.58786822980475,0.000339907235126357,0.0207933668023331,0.0026254512815246,0.409156421931847,-0.0100211470923091,5641.0150907499,5194.38321339086,-446.631877359046,-1539.16660739486,8.73497395735657
17900,17.9,compression,1,0.95525,0.0447500000000001,1.9105,0.95525,5359.85344150746,1.04684637529443,5642.51533619376,5010.26687634602,-632.248459847732,-1448.62951384646,8.02398008560211,1002.05337526921,446,-0.000500000000000167,-0.00500000000000167,-0.724314756923473,0.00401199004280239,1.03539925992103,3.63770211979056,0.000279702410241939,0.0279136140797785,0.0025354898015608,0.557935393102772,0.0102060375707316,5642.48780531839,5206.49125079104,-435.996554527353,-1541.67766307417,8.80020780885518
18000,18,compression,1,0.955,0.045,1.91,0.955,5361.25654450262,1.04712041884817,5643.95626098822,5387.23818357175,-256.718077416474,-1530.60464941687,3.15854506780146,1077.44763671435,471,-0.000499999999999945,-0.00499999999999945,-0.765302324708352,0.00157927253390056,1.03461948267442,3.49951072901138,0.000414035137239612,0.0184423673849069,0.00686835549321247,0.352395185901519,-0.0191938724244995,5643.96162092235,5247.25905274708,-396.702568175272,-1539.36063709119,8.64661352455101
18100,18.1,compression,1,0.95475,0.04525,1.9095,0.95475,5362.66038229903,1.04739460591778,5645.42462184829,4830.91349133473,-814.511130513569,-1542.28632018623,14.976388668137,966.182698266946,443,-0.000499999999999945,-0.00499999999999945,-0.771143160093029,0.00748819433406767,1.04264421364085,3.49391419459855,0.000364175075138468,0.0208480656358871,0.00800128663841975,0.480077858858694,-0.00704853420631582,5645.43870614393,5242.06797976168,-403.370726382245,-1543.32380057691,8.60285429459817
18200,18.2,compression,1,0.9545,0.0455000000000001,1.909,0.9545,5364.06495547407,1.04766893661603,5646.9128457561,5770.25749150396,123.344645747852,-1533.31983617714,3.20080743086608,1154.05149830079,497,-0.000500000000000167,-0.00500000000000167,-0.766659918088828,0.00160040371543357,1.0380420184014,3.56433738280674,0.00039601537601762,0.0221836954547988,0.00475083221673441,0.387271893540639,0.000330298803913905,5646.91496893156,5263.92359435235,-382.99137457921,-1542.28274652869,8.56660675696292
18300,18.3,compression,1,0.95425,0.0457500000000001,1.9085,0.95425,5365.47026460571,1.0479434110558,5648.34934956662,5104.71300446086,-543.636345105763,-1557.64562899932,8.35823645387105,1020.94260089217,438,-0.000499999999999945,-0.00499999999999945,-0.778822814499573,0.00417911822693506,1.03812631347531,3.4065666987731,0.000349471725105351,0.0295746941405574,0.00232198275166728,0.457168598522001,0.0246278760687892,5648.38983802262,5277.07174197532,-371.3180960473,-1542.11733069748,8.92321675121498
18400,18.4,compression,1,0.954,0.046,1.908,0.954,5366.87631027254,1.0482180293501,5649.86439301342,5738.25983311479,88.395440101368,-1486.9767883353,5.58952945017816,1147.65196662296,500,-0.000499999999999945,-0.00499999999999945,-0.74348839416757,0.00279476472508877,1.04037683353772,3.50565659756331,0.000459958187832917,0.0133859490100391,0.00510998560297276,0.318383452774675,-0.00582955654797092,5649.87060576331,5327.35704406897,-322.513561694342,-1539.63123882697,8.81099381152764
18500,18.5,compression,1,0.95375,0.04625,1.9075,0.95375,5368.28309305374,1.04849279161206,5651.27679760205,5383.93750464856,-267.33929295349,-1583.44724715299,14.3909571220211,1076.78750092971,496,-0.000499999999999945,-0.00499999999999945,-0.791723623576409,0.00719547856100977,1.04100491808277,3.32045784691081,0.000314672071098327,0.0191746713340024,0.00138973391325607,0.350207893483683,-0.00709991069581903,5651.34889749666,5284.04463582482,-367.304261671834,-1541.52624792968,8.77829753673917
18600,18.6,compression,1,0.9535,0.0465,1.907,0.9535,5369.6906135291,1.0487676979549,5652.75681652532,4130.4360835008,-1522.32073302451,-1574.87567324505,6.78304796232329,826.087216700162,393,-0.000499999999999945,-0.00499999999999945,-0.787437836622439,0.00339152398116127,1.03861103791204,3.28132950001539,0.000255141365439788,0.0122625108590889,0.000474113524197365,0.297379288888062,0.0114576225720681,5652.82995841183,5259.60580132244,-393.224157089382,-1539.39014768274,8.79021957224495
18700,18.7,compression,1,0.95325,0.0467500000000001,1.9065,0.95325,5371.09887227905,1.049042748492,5654.3364455493,5722.1997324473,67.8632868980003,-1489.23072404058,7.92508747562916,1144.43994648946,479,-0.000500000000000167,-0.00500000000000167,-0.744615362020537,0.0039625437378159,1.03684666621126,3.56268989606154,0.000253369177766101,0.0201289751758277,0.00553224448722156,0.483067282714038,-0.00623095675872767,5654.31399086659,5290.07399508864,-364.239995777944,-1536.69926469709,8.96192411335572
18800,18.8,compression,1,0.953,0.047,1.906,0.953,5372.50786988458,1.04931794333683,5655.7845185403,4774.34470159596,-881.439816944338,-1547.768985063,13.0257878788261,954.868940319193,462,-0.000499999999999945,-0.00499999999999945,-0.773884492531414,0.00651289393941235,1.04257132121265,3.45901358064352,0.000299826143476279,0.0383715458507981,0.00484244934243901,0.638083890334218,0.00364947437480254,5655.79826279847,5242.78821285466,-413.010049943812,-1531.60193210223,9.16266578140553
18900,18.9,compression,1,0.95275,0.04725,1.9055,0.95275,5373.91760692732,1.04959328260299,5657.24986720299,5686.85425808022,29.6043908772308,-1555.08814867229,11.0225190944474,1137.37085161604,479,-0.000499999999999945,-0.00499999999999945,-0.777544074336058,0.00551125954722309,1.03851174947713,3.43687839069221,0.000251964978871992,0.0131781984021182,0.00430950190099157,0.349958473880759,0.000621710064529661,5657.28627453707,5236.50851995118,-420.777754585887,-1530.92705123463,8.3822217741754
19000,19,compression,1,0.9525,0.0475000000000001,1.905,0.9525,5375.3280839895,1.0498687664042,5658.69019870976,5446.03437408037,-212.655824629388,-1479.60786104551,3.36674234850619,1089.20687481608,487,-0.000500000000000167,-0.00500000000000167,-0.739803930523003,0.00168337117425366,1.03579849328717,3.29561174161455,0.000267970808825326,0.0258288147046653,0.00217356432138955,0.518790055754541,-0.00964534031848918,5658.76875156298,5216.26243150016,-442.50632006282,-1534.69293508182,8.76720067966329
19100,19.1,compression,1,0.95225,0.0477500000000001,1.9045,0.95225,5376.73930165398,1.05014439485429,5660.22374011663,5096.87286251623,-563.350877600399,-1591.96797183383,11.6265114783886,1019.37457250325,448,-0.000499999999999945,-0.00499999999999945,-0.795983985916829,0.00581325573919367,1.04404814005672,3.38986633036895,0.000305177260442819,0.0209781947581943,0.00522332261388267,0.430530980257695,-0.00357969491061317,5660.18017094204,5185.64071711967,-474.539453822376,-1534.89734936506,9.04763346025638
19200,19.2,compression,1,0.952,0.048,1.904,0.952,5378.1512605042,1.05042016806723,5661.67932386783,5444.0023527248,-217.676971143034,-1574.43711234621,3.98876748582699,1088.80047054496,469,-0.000499999999999945,-0.00499999999999945,-0.787218556173019,0.00199438374291327,1.03810947090462,3.34511941113548,0.000233987339774987,0.0219104781327816,0.00055424202292178,0.309739016296933,0.00877037527666991,5661.52548179981,5151.65360151635,-509.871880283463,-1534.50845616395,8.73559371247319
19300,19.3,compression,1,0.95175,0.04825,1.9035,0.95175,5379.56396112424,1.05069608615708,5663.17301150609,6098.74080642559,435.567794919498,-1539.51151886241,14.9606166663848,1219.74816128512,527,-0.000499999999999945,-0.00499999999999945,-0.769755759431123,0.00748030833319158,1.04433428938832,3.38119584213874,0.000285904998152544,0.0215112080521431,0.00342719153265068,0.3184578327296,0.00982226962680564,5662.79897356062,5090.1264092554,-572.672564305221,-1534.57449060766,9.04308183922915
19400,19.4,compression,1,0.9515,0.0485,1.903,0.9515,5380.97740409879,1.05097214923805,5664.71884615623,5669.47056195462,4.75171579838843,-1497.6601135029,2.38608159492441,1133.89411239092,478,-0.000499999999999945,-0.00499999999999945,-0.748830056751368,0.00119304079746207,1.03979269669439,3.4731286053352,0.000363589858737701,0.0276456658149824,0.00336366228317323,0.440845460418128,-0.0205750595873226,5664.00559056684,5128.85029531536,-535.155295251481,-1533.21736481992,9.08336686189727
19500,19.5,compression,1,0.95125,0.0487500000000001,1.9025,0.95125,5382.39159001314,1.05124835742444,5666.19508585419,4218.69640988888,-1447.4986759653,-1559.74781028243,10.6240182549109,843.739281977778,337,-0.000500000000000167,-0.00500000000000167,-0.779873905141476,0.00531200912745722,1.0404569862986,3.51179171045387,0.000327919970839106,0.0402939561502295,0.00508252765347005,0.742974700812011,-0.00268192995635586,5665.141688446,5085.39348914317,-579.748199302832,-1536.10740085021,9.30173170012971
19600,19.6,compression,1,0.951,0.049,1.902,0.951,5383.80651945321,1.0515247108307,5667.69832331688,4876.31958118516,-791.378742131716,-1506.31572618504,9.78470427835917,975.263916237033,406,-0.000499999999999945,-0.00499999999999945,-0.753157863092436,0.00489235213917905,1.03737210520968,3.52236355445952,0.00048998235446225,0.0224568290324737,0.0018625137401628,0.399668333337937,0.00212869906121546,5666.20899343539,5075.764265179,-590.444728256394,-1532.95141109669,8.96245000533695
19700,19.7,compression,1,0.95075,0.04925,1.9015,0.95075,5385.22219300552,1.05180120957139,5669.2431249266,5234.78378784068,-434.459337085929,-1541.58211616443,11.4409316867649,1046.95675756814,472,-0.000499999999999945,-0.00499999999999945,-0.770791058082131,0.00572046584338182,1.04313938482275,3.6570174880664,0.000381333140781746,0.0285163565076626,0.00139468346018914,0.458965286325043,-0.00150843788042908,5667.20359669029,5091.11324280106,-576.09035388923,-1529.95682094323,9.11812157983793
19800,19.8,compression,1,0.9505,0.0495000000000001,1.901,0.9505,5386.63861125723,1.05207785376118,5670.70846043566,5049.90205151035,-620.806408925308,-1470.03849460398,8.90131554920984,1009.98041030207,445,-0.000500000000000167,-0.00500000000000167,-0.735019247302237,0.0044506577746064,1.04552320488276,3.66076141919922,0.000398272484419618,0.0190717896552383,0.00529449510142954,0.338369780492742,0.00141035241001365,5668.12756332839,5035.7768262977,-632.350737030686,-1533.08959762805,9.20989343400784
19900,19.9,compression,1,0.95025,0.0497500000000001,1.9005,0.95025,5388.05577479611,1.05235464351486,5672.25439760219,5292.43497024317,-379.819427359019,-1538.72583596516,2.49208122470473,1058.48699404863,439,-0.000499999999999945,-0.00499999999999945,-0.769362917982496,0.00124604061235223,1.03530071245148,3.73380390287535,0.000356252499550003,0.0164356092787484,0.00320474908735911,0.22177883616548,-0.00636441979912803,5668.97960580356,5058.55586401549,-610.423741788063,-1531.86631534181,8.89190223027298
20000,20,compression,1,0.95,0.05,1.9,0.95,5389.47368421053,1.05263157894737,5673.64735373786,4585.09901887454,-1088.54833486332,-1527.71307463747,16.1085371008478,917.019803774908,388,-0.000499999999999945,-0.00499999999999945,-0.763856537318653,0.00805426855042302,1.03982630110522,3.47932107555067,0.000366269095287144,0.0125044205586906,0.00362565516272112,0.385144927412841,0.00786258206799725,5669.76302119914,5005.37236564955,-664.390655549595,-1529.75523958449,8.6982097880753
20100,20.1,hold_compressed,2,0.95,0.05,1.9,0.95,5389.47368421053,1.05263157894737,5673.5960679486,4744.18218158145,-929.413886367147,NaN,NaN,948.83643631629,412,0,0,-0.772779185504061,0.000423133088047756,1.03345782085466,3.35154840518957,0.000188701088308284,0.0227822573731549,6.22064280811323e-05,0.301476139205713,0.00405190178887501,5670.4750930415,4989.3596491774,-681.115443864103,-1534.76997743839,9.23135653203221
20200,20.2,hold_compressed,2,0.95,0.05,1.9,0.95,5389.47368421053,1.05263157894737,5673.67614986138,4117.18406366499,-1556.49208619639,NaN,NaN,823.436812732999,355,0,0,-0.773967154069841,0.00716327354918489,1.0393752955129,3.57311114963854,0.000386101353906161,0.0232309656398711,0.00169422067624893,0.423847173659591,-0.00436724274336901,5671.11928930129,4942.60946730138,-728.509821999904,-1528.41464472778,8.96522820465928
20300,20.3,hold_compressed,2,0.95,0.05,1.9,0.95,5389.47368421053,1.05263157894737,5673.65617273316,4478.18645402407,-1195.46971870909,NaN,NaN,895.637290804815,379,0,0,-0.785916428036946,0.0077550827845263,1.04622125351139,3.50565659756331,0.000290450093033631,0.035114475409779,0.000474974589834535,0.5502608545374,0.00239181381470262,5671.69276464693,4969.81989276903,-701.8728718779,-1522.66183627548,9.58728579451332
20400,20.4,hold_compressed,2,0.95,0.05,1.9,0.95,5389.47368421053,1.05263157894737,5673.68830669727,5917.91461172006,244.226305022794,NaN,NaN,1183.58292234401,495,0,0,-0.753721877811101,0.000423045706057223,1.04157558593008,3.61666072968692,0.000457622653874541,0.0244489645469136,0.00101824047821819,0.479774949280643,-0.0188684355319079,5672.19394819822,4954.57805671941,-717.615891478812,-1520.25473876306,8.81966709853168
20500,20.5,hold_compressed,2,0.95,0.05,1.9,0.95,5389.47368421053,1.05263157894737,5673.72244847577,4825.66690349876,-848.055544977014,NaN,NaN,965.133380699752,433,0,0,-0.782668672061608,0.00594104457622846,1.04215031363757,3.62692691211605,0.000403166219450805,0.0361574234096559,0.00321373565980684,0.522619650811107,-0.00740880160615115,5672.62305850243,4909.13551675785,-763.487541744575,-1524.02050963975,9.89193134913289
20600,20.6,hold_compressed,2,0.95,0.05,1.9,0.95,5389.47368421053,1.05263157894737,5673.69020237925,5181.72380140096,-491.966400978294,NaN,NaN,1036.34476028019,415,0,0,-0.762774981698951,0.00145330623305617,1.03568261458157,3.58404815455489,0.000543704940671482,0.0133038899643425,0.00397857240870246,0.349456715313488,-0.00111376433560045,5672.98113318293,4917.40384521281,-755.577287970121,-1516.87504951122,9.74551396797729
20700,20.7,hold_compressed,2,0.95,0.05,1.9,0.95,5389.47368421053,1.05263157894737,5673.64348487823,4452.76461356417,-1220.87887131406,NaN,NaN,890.552922712835,410,0,0,-0.77532708376587,0.00458685465900777,1.03387895273758,3.48100801920156,0.000281559655825588,0.014733111960422,0.000461583537201719,0.281389932571557,-0.00771947890605852,5673.2687398162,4978.28091247535,-694.987827340847,-1519.51488034276,9.73571639038182
20800,20.8,hold_compressed,2,0.95,0.05,1.9,0.95,5389.47368421053,1.05263157894737,5673.73974494927,4560.1349858767,-1113.60475907257,NaN,NaN,912.026997175341,393,0,0,-0.783052348492357,0.00786787953986146,1.03425600365095,3.77653689506208,0.000525755002974601,0.016147768601164,0.0024556315729371,0.334302768954781,0.00383999614957634,5673.48199985605,5020.01564090834,-653.46635894771,-1512.15913506887,9.16731129158746
20900,20.9,hold_compressed,2,0.95,0.05,1.9,0.95,5389.47368421053,1.05263157894737,5673.67741051887,5252.70449366961,-420.972916849261,NaN,NaN,1050.54089873392,444,0,0,-0.739171900460904,0.00638143148668568,1.0335280441513,3.5489310978628,0.000435064305196516,0.0278591906060817,0.00152723485428729,0.479499660647301,0.00368002639435606,5673.62720692573,5019.56744297103,-654.059763954696,-1533.21945530132,9.30030916277627
21000,21,hold_compressed,2,0.95,0.05,1.9,0.95,5389.47368421053,1.05263157894737,5673.70159051029,4570.00079239534,-1103.70079811494,NaN,NaN,914.000158479069,395,0,0,-0.768986278826981,0.00971550021014278,1.04483557738144,3.67889203094389,0.000356093703883948,0.0367791123414688,0.000277979105347364,0.61895823487453,0.000734021220879868,5673.69706297148,5029.35362549409,-644.343437477385,-1527.71307463747,16.1085371008478
21100,21.1,hold_compressed,2,0.95,0.05,1.9,0.95,5389.47368421053,1.05263157894737,5673.64370739932,5109.76732816526,-563.876379234062,NaN,NaN,1021.95346563305,419,0,0,-0.77077663779392,0.00426315728063642,1.04472559185058,3.51791612395547,0.00037863463134757,0.0225983794033582,0.00474075337709709,0.464902177874521,-0.0127980035890028,5673.69970851061,5053.58653859234,-620.113169918265,NaN,NaN
21200,21.2,hold_compressed,2,0.95,0.05,1.9,0.95,5389.47368421053,1.05263157894737,5673.75186157213,4115.11904311992,-1558.63281845222,NaN,NaN,823.023808623984,377,0,0,-0.800082234309524,0.00489776675033049,1.04325362331343,3.70010842386228,0.00034785058033872,0.0278743296913205,0.00493806554645071,0.53198617667728,0.012121964622561,5673.70313652308,5100.75514137716,-572.947995145929,NaN,NaN
21300,21.3,hold_compressed,2,0.95,0.05,1.9,0.95,5389.47368421053,1.05263157894737,5673.72230612633,6015.42128754538,341.698981419051,NaN,NaN,1203.08425750908,510,0,0,-0.780273615764598,0.00486135912088748,1.03996327602711,3.72960861626637,0.000324433435485044,0.0305367333514763,0.00403028915289633,0.531313968241787,0.00938654361131949,5673.70124280364,5196.68370832744,-477.017534476201,NaN,NaN
21400,21.4,hold_compressed,2,0.95,0.05,1.9,0.95,5389.47368421053,1.05263157894737,5673.69786608322,5778.66224938356,104.964383300339,NaN,NaN,1155.73244987671,473,0,0,-0.771199424701395,0.00294674037457088,1.03864190670144,3.63070187238028,0.000431162255648224,0.0181061151143226,0.00220869127161688,0.391733184715674,-0.0110001290478595,5673.70274635605,5192.78976600999,-480.912980346061,NaN,NaN
21500,21.5,hold_compressed,2,0.95,0.05,1.9,0.95,5389.47368421053,1.05263157894737,5673.73016254449,4715.17722276186,-958.552939782628,NaN,NaN,943.035444552373,411,0,0,-0.770038345853516,0.00686130905617532,1.03967812006976,3.62044639429083,0.000398003592567071,0.029083772353812,0.000478134570512206,0.540306154701843,0.00605128919536573,5673.70474166061,5162.82436897372,-510.88037268689,NaN,NaN
21600,21.6,hold_compressed,2,0.95,0.05,1.9,0.95,5389.47368421053,1.05263157894737,5673.71465414481,4392.33130744303,-1281.38334670177,NaN,NaN,878.466261488607,398,0,0,-0.797029908440121,-0.00194970225444191,1.0302520337584,3.60690791895387,0.000360655678748743,0.0232023615035306,0.00509380673668076,0.308619449898343,0.00536897028526521,5673.70657322275,5149.70858676166,-523.997986461096,NaN,NaN
21700,21.7,hold_compressed,2,0.95,0.05,1.9,0.95,5389.47368421053,1.05263157894737,5673.73806261541,6154.73799369845,480.999931083045,NaN,NaN,1230.94759873969,577,0,0,-0.760914038471877,0.00657420266146169,1.03202050696721,3.65434090314508,0.000555245033808764,0.0358141994698397,0.000688094262032496,0.395970500758148,0.012191913244607,5673.70720677161,5116.533848088,-557.173358683606,NaN,NaN
21800,21.8,hold_compressed,2,0.95,0.05,1.9,0.95,5389.47368421053,1.05263157894737,5673.72158576358,6111.21308493352,437.491499169939,NaN,NaN,1222.24261698671,571,0,0,-0.748902851943099,0.00585719879075342,1.03552550599808,3.79617687998196,0.000273613311186708,0.0273012689225659,0.00201323433329781,0.587325495016486,-0.0136285532908353,5673.70925597206,5150.41006638219,-523.299189589865,NaN,NaN
21900,21.9,hold_compressed,2,0.95,0.05,1.9,0.95,5389.47368421053,1.05263157894737,5673.75780889892,5040.4898948269,-633.267914072016,NaN,NaN,1008.09797896538,462,0,0,-0.78617633486759,0.00510105217578349,1.03635993606759,3.76563927360857,0.000359809717530406,0.0263394403786482,0.00111090920930366,0.482326919085398,-0.00277312350005527,5673.7081368731,5197.26145561822,-476.446681254877,NaN,NaN
22000,22,hold_compressed,2,0.95,0.05,1.9,0.95,5389.47368421053,1.05263157894737,5673.7213745629,5497.94480322742,-175.776571335481,NaN,NaN,1099.58896064549,534,0,0,-0.800978294725439,0.00701742675237238,1.0374116191152,3.73118240153211,0.00017733197569708,0.0205336799027802,0.00183077504677779,0.332940864404389,-0.00232617535276768,5673.71031475883,5210.53784317524,-463.17247158359,NaN,NaN
22100,22.1,hold_compressed,2,0.95,0.05,1.9,0.95,5389.47368421053,1.05263157894737,5673.70291005958,5093.99019393778,-579.712716121802,NaN,NaN,1018.79803878756,460,0,0,-0.784165601854296,0.00645967836529837,1.03807305198058,3.65487637694137,0.000344355249264086,0.0430909544805405,0.00583059947875871,0.723018611652501,0.00271060888367038,5673.70881686305,5217.16056144048,-456.548255422571,NaN,NaN
22200,22.2,hold_compressed,2,0.95,0.05,1.9,0.95,5389.47368421053,1.05263157894737,5673.66805621059,5734.72284006249,61.0547838519014,NaN,NaN,1146.9445680125,467,0,0,-0.789833397860748,0.00786707951733412,1.04251402863287,3.63662603572034,0.000190241505622594,0.0188489074095612,0.00101321611517844,0.390930410859947,0.00578519678077657,5673.7150223455,5199.85565831129,-473.859364034208,NaN,NaN
22300,22.3,hold_compressed,2,0.95,0.05,1.9,0.95,5389.47368421053,1.05263157894737,5673.63638175312,6131.68396962103,458.047587867913,NaN,NaN,1226.33679392421,545,0,0,-0.792986534390104,0.00258981588193685,1.04073148175844,3.4731286053352,0.000144149799172438,0.00998421796723302,0.00167535923360792,0.226667746765597,-0.0221567958444395,5673.71246689883,5291.73643170985,-381.976035188973,NaN,NaN
22400,22.4,hold_compressed,2,0.95,0.05,1.9,0.95,5389.47368421053,1.05263157894737,5673.6877473337,4396.41366535755,-1277.27408197615,NaN,NaN,879.28273307151,384,0,0,-0.750585250595706,0.000884511738920679,1.03265308425814,3.60582264499551,0.000169974227821256,0.0226889793043462,0.00416984073234591,0.418729755493353,0.00560773455907343,5673.71369746768,5213.37235037707,-460.34134709061,NaN,NaN
22500,22.5,hold_compressed,2,0.95,0.05,1.9,0.95,5389.47368421053,1.05263157894737,5673.73020809301,5288.6412739584,-385.088934134616,NaN,NaN,1057.72825479168,452,0,0,-0.771666530641158,0.00671579254285448,1.04062337375768,3.77187034120229,0.000217919230926019,0.0237270582064749,0.00215888264980899,0.475304972575816,-0.013496780938474,5673.71680092407,5209.28342864754,-464.43337227653,NaN,NaN
22600,22.6,hold_compressed,2,0.95,0.05,1.9,0.95,5389.47368421053,1.05263157894737,5673.76091128078,4550.23547704546,-1123.52543423532,NaN,NaN,910.047095409093,387,0,0,-0.787106748232164,0.00425438575568116,1.04134854113612,3.84331070588836,0.000218244885424283,0.0386004335334123,0.00550829111138841,0.817227987582662,-0.00598761006477732,5673.71708468111,5258.11637387276,-415.600710808345,NaN,NaN
22700,22.7,hold_compressed,2,0.95,0.05,1.9,0.95,5389.47368421053,1.05263157894737,5673.70350690517,4485.05428925416,-1188.64921765101,NaN,NaN,897.010857850832,358,0,0,-0.766832855913828,0.000871384283576138,1.03601372635408,3.71488780307461,0.000261972260666267,0.0268744542487487,0.00595057407977149,0.667265229504047,0.00383839205029133,5673.71762020778,5313.17803588445,-360.53958432334,NaN,NaN
22800,22.8,hold_compressed,2,0.95,0.05,1.9,0.95,5389.47368421053,1.05263157894737,5673.68651808775,5164.16519774225,-509.521320345507,NaN,NaN,1032.83303954845,447,0,0,-0.759059691137267,0.00893737495220281,1.04327737388917,3.64844550443416,0.000304360732137675,0.0391726352564814,0.00327904954106039,0.604659598186727,-0.0129516194444909,5673.71449460791,5211.40679527943,-462.307699328482,NaN,NaN
22900,22.9,hold_compressed,2,0.95,0.05,1.9,0.95,5389.47368421053,1.05263157894737,5673.71624387112,5544.01415983332,-129.702084037808,NaN,NaN,1108.80283196666,478,0,0,-0.758617205056225,-0.000523821715192163,1.03595579913689,3.79101832768731,0.000423539870733239,0.0205437853709546,0.000614481082987765,0.38553362066612,-0.00511661815573264,5673.71482573778,5203.98916588265,-469.725659855125,NaN,NaN
23000,23,hold_compressed,2,0.95,0.05,1.9,0.95,5389.47368421053,1.05263157894737,5673.72314611921,5531.50863236698,-142.214513752232,NaN,NaN,1106.3017264734,478,0,0,-0.792330083100841,0.00673923423713885,1.04125950045805,3.6655694260539,0.000319896207130512,0.0139334395086598,0.00726758673705808,0.330545269391593,0.00252020393290831,5673.71209249079,5242.4285599137,-431.283532577092,NaN,NaN
23100,23.1,hold_compressed,2,0.95,0.05,1.9,0.95,5389.47368421053,1.05263157894737,5673.6701346988,4709.07787596526,-964.592258733541,NaN,NaN,941.815575193053,481,0,0,-0.747550472399682,0.00279532467742771,1.03956589759241,3.57091972891744,0.000307223547528686,0.0219987908297625,0.00730457069821806,0.395873709516494,-0.00336998131532379,5673.70799588402,5254.4264327811,-419.281563102918,NaN,NaN
23200,23.2,hold_compressed,2,0.95,0.05,1.9,0.95,5389.47368421053,1.05263157894737,5673.7740225308,4746.36436245234,-927.409660078453,NaN,NaN,949.272872490469,421,0,0,-0.760746504848705,0.00447972780511052,1.0386102144459,3.85652673197558,0.000308103987878167,0.0286608919263596,0.00299633679520945,0.513169948030749,0.00540827996951838,5673.70664220758,5283.59220070314,-390.114441504439,NaN,NaN
23300,23.3,hold_compressed,2,0.95,0.05,1.9,0.95,5389.47368421053,1.05263157894737,5673.69819719205,6044.61528448977,370.917087297718,NaN,NaN,1208.92305689796,507,0,0,-0.781509920210212,0.000758346364011953,1.03536275389393,3.68420758353693,0.000372396273630398,0.027486701382344,0.0075246969305337,0.381813226441104,-0.00610331854569314,5673.70858208431,5246.31044809743,-427.398133986885,NaN,NaN
23400,23.4,hold_compressed,2,0.95,0.05,1.9,0.95,5389.47368421053,1.05263157894737,5673.74814807221,4369.77557955689,-1303.97256851532,NaN,NaN,873.955115911379,365,0,0,-0.763792886223428,0.0120720187808943,1.04030791125596,3.73747091565957,0.000279053950737874,0.0368084175739157,0.00501516407481774,0.831034785145974,0.0221311723263402,5673.71193112635,5180.80285948145,-492.909071644906,NaN,NaN
23500,23.5,hold_compressed,2,0.95,0.05,1.9,0.95,5389.47368421053,1.05263157894737,5673.76303866742,5692.79489306344,19.0318543960257,NaN,NaN,1138.55897861269,498,0,0,-0.779204254575615,0.00438456592392544,1.03791467353712,3.82288914422089,0.000487824725770435,0.0370752725119862,0.000612867744276333,0.572544182101936,0.00538161028068018,5673.71390743052,5213.96195619348,-459.751951237044,NaN,NaN
23600,23.6,hold_compressed,2,0.95,0.05,1.9,0.95,5389.47368421053,1.05263157894737,5673.73612144232,5740.66907249158,66.9329510492607,NaN,NaN,1148.13381449832,485,0,0,-0.770745589870971,0.00875202698934086,1.03890400204604,3.75835663799955,0.000357274799539861,0.0224818913626651,0.00449448284948184,0.449253368397314,-0.00958573179652941,5673.7135803263,5230.97841456925,-442.735165757054,NaN,NaN
23700,23.7,hold_compressed,2,0.95,0.05,1.9,0.95,5389.47368421053,1.05263157894737,5673.72590020503,5548.62620968835,-125.099690516682,NaN,NaN,1109.72524193767,488,0,0,-0.766169644236067,0.00633412656078169,1.03906623326184,3.67836005320545,0.000375612349316824,0.0414209579959757,0.00382370985638745,0.665238179071319,-0.0205724515143617,5673.71164194488,5273.53835952627,-400.173282418609,NaN,NaN
23800,23.8,hold_compressed,2,0.95,0.05,1.9,0.95,5389.47368421053,1.05263157894737,5673.67242501808,4017.54194099314,-1656.13048402494,NaN,NaN,803.508388198628,356,0,0,-0.788294483834119,0.000730215697162029,1.03647329489346,3.62206761075881,0.000322874233402669,0.0165443724838508,0.00415469383708837,0.350994462991848,0.0250338248536519,5673.71253822725,5282.18061323835,-391.531924988904,NaN,NaN
23900,23.9,hold_compressed,2,0.95,0.05,1.9,0.95,5389.47368421053,1.05263157894737,5673.72853949075,5955.4428676012,281.71432811045,NaN,NaN,1191.08857352024,530,0,0,-0.743972423094753,0.00764485355721756,1.04340467610916,3.69375630171217,0.000485832461956479,0.0230510053445806,0.000755512671123547,0.493222559228792,0.021138961903992,5673.71393856333,5332.8261105719,-340.887827991432,NaN,NaN
24000,24,hold_compressed,2,0.95,0.05,1.9,0.95,5389.47368421053,1.05263157894737,5673.70041071218,5847.71716947885,174.016758766676,NaN,NaN,1169.54343389577,556,0,0,-0.779816384753326,0.0030936264132162,1.03432440282417,3.62206761075881,0.000443473696476979,0.0128038391483386,0.00014324870667894,0.405304071766865,0.00377199029050559,5673.71654722961,5312.9965491,-360.719998129602,NaN,NaN
24100,24.1,hold_compressed,2,0.95,0.05,1.9,0.95,5389.47368421053,1.05263157894737,5673.63534582067,5749.90013344284,76.2647876221672,NaN,NaN,1149.98002668857,482,0,0,-0.752138339395662,0.00811322090408306,1.0426181945285,3.4567498280577,0.000380807281221436,0.0371331752776317,0.00178468959362824,0.761990112654423,-0.000663670133755169,5673.64744188162,5295.12711333973,-378.520328541893,1493.50625546898,-14.3719822017479
24200,24.2,hold_compressed,2,0.95,0.05,1.9,0.95,5389.47368421053,1.05263157894737,5673.67448285438,5706.47132030064,32.7968374462598,NaN,NaN,1141.29426406013,523,0,0,-0.753018381792164,0.00694475292606134,1.0414110610471,3.52069642639211,0.000334792164772821,0.0326452704801954,0.00227837827791584,0.541022458225986,-0.0258752474766166,5673.50607109035,5275.43945601956,-398.066615070789,1535.85038084984,-14.3834002512029
24300,24.3,hold_compressed,2,0.95,0.05,1.9,0.95,5389.47368421053,1.05263157894737,5673.70879362197,4951.8060353425,-721.902758279464,NaN,NaN,990.361207068502,434,0,0,-0.746625037332143,0.00659862368397279,1.04594828376701,3.61395425566446,0.000263529900706583,0.0198306792026154,0.000327992626215495,0.337272322029142,-0.00242758227863329,5673.28983403137,5305.69717781416,-367.592656217207,1541.45138600669,-16.0392968291289
24400,24.4,hold_compressed,2,0.95,0.05,1.9,0.95,5389.47368421053,1.05263157894737,5673.70671163595,4756.02460868541,-917.682102950539,NaN,NaN,951.204921737082,443,0,0,-0.760703186454921,0.00632194327944413,1.04598526029597,3.69640434585593,0.000358999967607173,0.027323114893625,0.000726152565091016,0.496588015448941,0.0110531505171551,5673.00606784971,5273.41249786662,-399.593569983086,1549.77362000734,-13.4165584319651
24500,24.5,hold_compressed,2,0.95,0.05,1.9,0.95,5389.47368421053,1.05263157894737,5673.72924972135,5092.7546963103,-580.974553411046,NaN,NaN,1018.55093926206,414,0,0,-0.772699100978544,0.00233324027442317,1.03819321830497,3.69481574710946,0.000399474253314749,0.0214274794962122,0.00082790200142876,0.35620067097366,0.0089849461699221,5672.64870632215,5307.78355943291,-364.865146889241,1553.85393452418,-14.3062518792127
24600,24.6,hold_compressed,2,0.95,0.05,1.9,0.95,5389.47368421053,1.05263157894737,5673.72333890432,5645.98689984951,-27.7364390548137,NaN,NaN,1129.1973799699,497,0,0,-0.790023159408123,0.00837203930427788,1.03884070075943,3.76979446303669,0.000338315290520367,0.023313128661806,0.000289803941907685,0.477136597250795,0.00606879786691369,5672.21965929169,5289.55394797641,-382.66571131528,1556.91665498649,-12.9131744565649
24700,24.7,hold_compressed,2,0.95,0.05,1.9,0.95,5389.47368421053,1.05263157894737,5673.72020527102,5443.99432114303,-229.725884127987,NaN,NaN,1088.79886422861,451,0,0,-0.799544883106273,0.0023144804043016,1.03651066521703,3.73065788021069,0.000395970623173845,0.0349080341748773,0.00170322792331298,0.613443687707799,0.00131807248517671,5671.72013001203,5222.00246386992,-449.717666142107,1549.60542130783,-12.5016177072569
24800,24.8,hold_compressed,2,0.95,0.05,1.9,0.95,5389.47368421053,1.05263157894737,5673.72232883488,4666.54161720768,-1007.1807116272,NaN,NaN,933.308323441536,459,0,0,-0.756265350803568,0.00490462739369124,1.0433112392693,3.69428606238921,0.000324229245433902,0.0386403736834581,0.00442938527336512,0.59625878949674,0.00165958797736536,5671.14924044132,5189.98079291204,-481.168447529279,1550.05987674457,-11.4468439639115
24900,24.9,hold_compressed,2,0.95,0.05,1.9,0.95,5389.47368421053,1.05263157894737,5673.71592514537,6227.72064174677,554.004716601401,NaN,NaN,1245.54412834936,503,0,0,-0.794007124647392,0.00263786418215672,1.03847357556276,3.61774275236772,0.000298928467803021,0.0219956232723879,0.00895454178062934,0.341561772838795,-0.00670345962369799,5670.50943081952,5272.43821065868,-398.071220160841,1548.67411636405,-10.7636334808301
25000,25,hold_compressed,2,0.95,0.05,1.9,0.95,5389.47368421053,1.05263157894737,5673.77102586296,5127.59336892357,-546.177656939389,NaN,NaN,1025.51867378472,451,0,0,-0.806157525832513,0.00269134935161031,1.03644902347445,3.78791982424548,0.000396301957174696,0.0240292440536187,0.00417487568308423,0.430019303423895,-0.00401796514265539,5669.79983527212,5250.46832781709,-419.331507455033,1547.3339189089,-11.0023927343803
25100,25.1,decompression,3,0.95025,0.0497500000000001,1.9005,0.95025,5388.05577479611,1.05235464351486,5672.27193381159,5156.25048140126,-516.021452410338,1493.50625546898,-14.3719822017479,1031.25009628025,453,0.000499999999999945,0.00499999999999945,-0.74675312773441,0.00718599110087315,1.03765205183028,3.72960861626637,0.000392096458374908,0.0277298425421249,0.0078178646737782,0.288228491233238,7.09935630962596e-05,5669.01869209889,5150.61933178509,-518.399360313802,1553.41231112892,-11.655571740767
25200,25.2,decompression,3,0.9505,0.0495000000000001,1.901,0.9505,5386.63861125723,1.05207785376118,5670.70134808207,4295.63707224172,-1375.06427584035,1578.1945062307,-14.3948183006579,859.127414448345,368,0.000499999999999945,0.00499999999999945,-0.789097253115262,0.00719740915032818,1.03620448373996,3.55939263492382,0.000383443946418968,0.0216729434835091,0.00272378125189612,0.417339408310493,-0.00168996201465032,5668.17112339231,5146.13469828458,-522.036425107724,1554.37685108137,-11.8562305681072
25300,25.3,decompression,3,0.95075,0.04925,1.9015,0.95075,5385.22219300552,1.05180120957139,5669.23304429211,5381.77652013889,-287.456524153221,1552.65339632038,-19.3510899849809,1076.35530402778,490,0.000500000000000167,0.00500000000000167,-0.776326698160448,0.00967554499249368,1.03842200793581,3.67942393176803,0.000266112935816412,0.0376189663835855,0.00344462314719582,0.603426214866741,0.00228661265979926,5667.25158574639,5085.68811795361,-581.563467792785,1551.39043454631,-11.1180669733453
25400,25.4,decompression,3,0.951,0.049,1.902,0.951,5383.80651945321,1.0515247108307,5667.73910737718,5366.63700559143,-301.102101785754,1574.74032200932,-5.54834324047365,1073.32740111829,463,0.000499999999999945,0.00499999999999945,-0.787370161004574,0.00277417162023652,1.03654922673273,3.72698416402647,0.000336119585457687,0.0239603980432359,0.00352551763108588,0.336894175574765,-0.00283405653412426,5666.25757793927,5051.09071639014,-615.166861549127,1550.72301166852,-11.1827120722606
25500,25.5,decompression,3,0.95125,0.0487500000000001,1.9025,0.95125,5382.39159001314,1.05124835742444,5666.24355599354,5091.56787244897,-574.675683544564,1570.17519259154,-17.8650256682029,1018.3135744898,460,0.000499999999999945,0.00499999999999945,-0.785087596295686,0.00893251283410046,1.04031500399774,3.65862249911057,0.000290072159902377,0.0406951292218014,0.00124783593752447,0.734884051072633,0.0090828119429632,5665.19342340854,5059.44843881333,-605.744984595211,1551.88988076796,-11.5196862061864
25600,25.6,decompression,3,0.9515,0.0485,1.903,0.9515,5380.97740409879,1.05097214923805,5664.75305102775,5309.97305247695,-354.779998550795,1572.23025729801,-5.94778734332625,1061.99461049539,493,0.000500000000000167,0.00500000000000167,-0.786115128649267,0.00297389367166412,1.03836219960476,3.57694290532365,0.000251232837133712,0.0121076013980676,0.000922266933892804,0.278135904833026,-0.010043152060565,5664.05784262921,5089.70205945646,-574.355783172747,1548.55611385234,-11.5024049778591
25700,25.7,decompression,3,0.95175,0.04825,1.9035,0.95175,5379.56396112424,1.05069608615708,5663.2460065695,4322.08790625537,-1341.15810031412,1505.7380192359,-10.032277211409,864.417581251076,406,0.000499999999999945,0.00499999999999945,-0.752869009617866,0.00501613860570393,1.03712605439497,3.59712866575061,0.000372722892516111,0.0239806030659643,0.00428939912300988,0.717538732788839,0.00402708070513965,5662.85193710373,5046.07448153955,-616.777455564183,1550.25781324004,-11.7585566682253
25800,25.8,decompression,3,0.952,0.048,1.904,0.952,5378.1512605042,1.05042016806723,5661.73721922018,4876.17111957289,-785.566099647293,1553.24106480175,-4.06342776049318,975.234223914579,433,0.000499999999999945,0.00499999999999945,-0.77662053240079,0.00203171388024637,1.03853820317261,3.5245851652477,0.00023039538723644,0.0173649443772295,0.000947060229105031,0.478319099802602,-0.0116259595518234,5661.57260115545,5031.10918185026,-630.463419305193,1546.23729830908,-11.9516309998842
25900,25.9,decompression,3,0.95225,0.0477500000000001,1.9045,0.95225,5376.73930165398,1.05014439485429,5660.23642296026,5749.14771367252,88.9112907122608,1537.58803331984,-5.29794961617927,1149.82954273451,516,0.000499999999999945,0.00499999999999945,-0.768794016659835,0.00264897480808934,1.03610659062497,3.43174999431534,0.000335928494856406,0.0188846897819544,0.00300633073549879,0.400649508533081,-0.0111243560900881,5660.22359729295,5058.04820851193,-602.175388781022,1545.32300845851,-11.3301526678885
26000,26,decompression,3,0.9525,0.0475000000000001,1.905,0.9525,5375.3280839895,1.0498687664042,5658.82703299535,5494.07532792776,-164.75170506759,1535.27214181255,-13.1512260163321,1098.81506558555,467,0.000499999999999945,0.00499999999999945,-0.767636070906191,0.00657561300816534,1.03723123409724,3.66983792173714,0.000407598389923116,0.0295878881879071,0.00126679192052017,0.543361404282339,-0.00970646386647689,5658.80762771647,5020.19148483713,-638.616142879334,1547.45055636567,-11.6238838004664
26100,26.1,decompression,3,0.95275,0.04725,1.9055,0.95275,5373.91760692732,1.04959328260299,5657.29640407422,3750.88825280676,-1906.40815126746,1614.19623332918,-18.1873618046337,750.177650561353,368,0.000500000000000167,0.00500000000000167,-0.807098116664859,0.00909368090231988,1.03710866852173,3.498392138371,0.000429175919962886,0.0284896170857213,0.00639525387315001,0.473207657640782,0.00934222603282401,5657.31511337232,5007.06394031784,-650.251173054483,1549.37197489087,-11.4158854979249
26200,26.2,decompression,3,0.953,0.047,1.906,0.953,5372.50786988458,1.04931794333683,5655.83640298242,5655.72282993223,-0.113573050191007,1564.98679055828,-14.0634776688493,1131.14456598645,500,0.000499999999999945,0.00499999999999945,-0.782493395279053,0.00703173883442387,1.04046167693537,3.58295595640228,0.000178338373615588,0.0380261905715871,0.000743755138870049,0.546897153664387,-0.00836868275501308,5655.82443899085,5004.67953704857,-651.144901942279,1554.00681320165,-10.670059676163
26300,26.3,decompression,3,0.95325,0.0467500000000001,1.9065,0.95325,5371.09887227905,1.049042748492,5654.36419229025,4437.09313335022,-1217.27105894003,1515.55343612563,-2.2601038362027,887.418626670045,452,0.000499999999999945,0.00499999999999945,-0.757776718062733,0.00113005191810123,1.03356751363639,3.53456513377976,0.00024710022080526,0.0194236883834617,0.0050394400755122,0.223287523295697,-0.00234646569088712,5654.33865475842,4987.65023220502,-666.688422553398,1551.55131389288,-10.9274450528977
26400,26.4,decompression,3,0.9535,0.0465,1.907,0.9535,5369.6906135291,1.0487676979549,5652.83462967239,4225.26060250974,-1427.57402716265,1542.04651425716,-12.0230983581595,845.052120501949,408,0.000500000000000167,0.00500000000000167,-0.771023257128839,0.00601154917908175,1.03654201808535,3.50062896221743,0.000221963398686283,0.0151020187001406,0.00242189104636583,0.383003904122108,0.0176639987144265,5652.85264228992,4919.31281264291,-733.539829647016,1551.50520808239,-10.5569190644187
26500,26.5,decompression,3,0.95375,0.04625,1.9075,0.95375,5368.28309305374,1.04849279161206,5651.35946649055,4931.53677957225,-719.822686918304,1568.22604816014,-16.2373240811484,986.30735591445,434,0.000499999999999945,0.00499999999999945,-0.784113024079985,0.00811866204057332,1.041088321262,3.50509832753866,0.000418283280338231,0.0226461899854274,0.000465678776966283,0.328044227559505,0.00755554691135838,5651.36949263255,4908.96957589735,-742.399916735199,1549.97185826098,-10.9167771666987
26600,26.6,decompression,3,0.954,0.046,1.908,0.954,5366.87631027254,1.0482180293501,5649.88205335551,5728.0807298162,78.1986764606909,1498.54961011804,-11.2431865529484,1145.61614596324,487,0.000499999999999945,0.00499999999999945,-0.749274805058938,0.0056215932764736,1.0381811163512,3.4567498280577,0.000524206079401893,0.0213728492063264,0.00494842390179216,0.271647449205978,-0.0104580436266985,5649.88757761456,4910.56400800817,-739.323569606394,1548.9030952718,-10.0580778560934
26700,26.7,decompression,3,0.95425,0.0457500000000001,1.9085,0.95425,5365.47026460571,1.0479434110558,5648.39932286927,4729.80776359432,-918.591559274955,1577.48500344331,-15.8569837140843,945.961552718864,446,0.000499999999999945,0.00499999999999945,-0.788742501721566,0.00792849185704125,1.04441843169663,3.57639576300224,0.000330387705422182,0.0263473157935421,0.0139948262629493,0.625805021610692,-0.00541196336767005,5648.40764124027,4878.33294149408,-770.074699746192,1549.06534070285,-10.1664204693527
26800,26.8,decompression,3,0.9545,0.0455000000000001,1.909,0.9545,5364.06495547407,1.04766893661603,5646.8541503571,5129.7230276679,-517.131122689198,1477.88854448279,-15.233894638086,1025.94460553358,459,0.000499999999999945,0.00499999999999945,-0.738944272241313,0.00761694731904217,1.04376100894632,3.32811071620742,0.000182130917247643,0.0133052235105172,0.00841759282675508,0.264845342797403,-0.00714040532244335,5646.92653243436,4911.96567705414,-734.960855380218,1547.98278648092,-10.2809387003636
26900,26.9,decompression,3,0.95475,0.04525,1.9095,0.95475,5362.66038229903,1.04739460591778,5645.39324772244,5232.26117710281,-413.132070619622,1528.86579114812,-0.143542691966877,1046.45223542056,486,0.000500000000000167,0.00500000000000167,-0.764432895574313,7.17713459834624e-05,1.03466393716157,3.40484287305821,0.000247452967197723,0.01721020781831,0.00346001425804367,0.267062154159559,0.0129500164240432,5645.44694093941,4889.54792089682,-755.899020042592,1545.63921868486,-10.9676443905909
27000,27,decompression,3,0.955,0.045,1.91,0.955,5361.25654450262,1.04712041884817,5643.98056403913,5432.72944457599,-211.251119463141,1587.87396660178,-17.2047753194461,1086.5458889152,498,0.000499999999999945,0.00499999999999945,-0.793936983300801,0.0086023876597221,1.03755957506162,3.54506906520927,0.000215958526002231,0.0271272812040935,0.00621867023836116,0.492534021408287,-0.00409843118704114,5643.96819163976,4844.75284304378,-799.215348595985,1545.42223116061,-11.1468531026549
27100,27.1,decompression,3,0.95525,0.0447500000000001,1.9105,0.95525,5359.85344150746,1.04684637529443,5642.42822463596,4851.91493401844,-790.513290617519,1587.80034539494,-7.25591944709372,970.382986803689,440,0.000499999999999945,0.00499999999999945,-0.793900172697384,0.00362795972354646,1.03898048564008,3.32869866969954,0.000139963779669025,0.0246872441630572,0.00204706444549689,0.503772273043534,0.00378667928225013,5642.4874912845,4817.58130051657,-824.906190767931,1545.95115747648,-10.6765243913235
27200,27.2,decompression,3,0.9555,0.0445,1.911,0.9555,5358.45107273679,1.0465724751439,5640.9677718006,5106.17801274654,-534.789759054059,1590.83785999519,1.29036005525097,1021.23560254931,419,0.000500000000000167,0.00500000000000167,-0.795418929997859,-0.000645180027625702,1.03904532467044,3.36901967077581,0.00025089209518467,0.0181842915374718,0.000523835058282749,0.294720814479415,-0.000544426931537544,5641.01039434145,4878.2289603615,-762.781433979947,1545.10276053218,-10.2184822717586
27300,27.3,decompression,3,0.95575,0.04425,1.9115,0.95575,5357.04943761444,1.04629871828407,5639.49987920114,3938.02167052729,-1701.47820867385,1526.62902074668,-19.7999112120865,787.604334105458,350,0.000499999999999945,0.00499999999999945,-0.763314510373257,0.00989995560604218,1.03524917058409,3.45221786959892,0.000164244766270735,0.0158320199588762,0.0035918186795883,0.312958160121255,-0.00882357522547743,5639.53490465973,4898.030379109,-741.504525550733,1544.11890459988,-10.0646126478459
27400,27.4,decompression,3,0.956,0.044,1.912,0.956,5355.64853556485,1.04602510460251,5638.0267824536,3946.69070933441,-1691.3360731192,1551.68517430011,-11.5700442269219,789.338141866882,350,0.000499999999999945,0.00499999999999945,-0.775842587149969,0.00578502211346033,1.04147824085462,3.43289030004355,0.000271616471241752,0.0156916312646803,0.00590598676634563,0.398399661122463,0.00134654964475097,5638.05997215302,4883.28654657816,-754.773425574854,1547.57380903297,-10.578102182456
27500,27.5,decompression,3,0.95625,0.0437500000000001,1.9125,0.95625,5354.24836601307,1.04575163398693,5636.59296457242,5149.42903393483,-487.16393063759,1542.5399757597,-13.1053633883537,1029.88580678697,447,0.000499999999999945,0.00499999999999945,-0.771269987879766,0.00655268169417611,1.03984117384826,3.54562104171167,0.000189349147804546,0.0317675345526339,0.00125202925425345,0.576996858435537,-0.00240829388882701,5636.59085219887,4927.88625397279,-708.704598226079,1549.73854726443,-10.1149263063582
27600,27.6,decompression,3,0.9565,0.0435000000000001,1.913,0.9565,5352.84892838474,1.04547830632514,5635.12334061574,5125.05094677607,-510.072393839661,1547.73116981872,0.167659854508636,1025.01018935522,433,0.000499999999999945,0.00499999999999945,-0.773865584909276,-8.38299272543086e-05,1.03736932959644,3.58186342521164,9.77938123210813e-05,0.0205266783883994,0.00108716083263133,0.328377547382711,-0.0100632720243245,5635.12128102436,4940.98406984825,-694.137211176102,1548.73529793032,-10.1319124099918
27700,27.7,decompression,3,0.95675,0.04325,1.9135,0.95675,5351.45022210609,1.0452051215051,5633.67438716764,4633.12065568107,-1000.55373148656,1575.63741135003,-8.22298222177134,926.624131136216,388,0.000500000000000167,0.00500000000000167,-0.787818705675277,0.00411149111088704,1.03899299524604,3.67729586685215,0.000218860636125312,0.0258756516045908,0.000648958128830893,0.405107639975624,0.011976104121705,5633.65357844679,4897.97821299918,-735.67536544761,1550.5536167363,-10.0300964859149
27800,27.8,decompression,3,0.957,0.043,1.914,0.957,5350.05224660397,1.04493207941484,5632.14272164542,5028.37535301677,-603.767368628653,1483.00438057545,-12.4371600626385,1005.67507060335,429,0.000499999999999945,0.00499999999999945,-0.741502190287642,0.00621858003131859,1.04671657446008,3.46297158685287,0.000149977593898963,0.0339460588273811,0.00472542072170367,0.594989696880838,-0.00845917426208956,5632.18624947352,4885.48459416865,-746.701655304863,1550.91984528442,-9.89131805782824
27900,27.9,decompression,3,0.95725,0.0427500000000001,1.9145,0.95725,5348.65500130582,1.04465917994254,5630.66579782626,4405.39824026909,-1225.26755755717,1504.02614108444,-18.4842472552658,881.079648053819,406,0.000499999999999945,0.00499999999999945,-0.752013070542136,0.00924212362763188,1.04881372324365,3.46636056654518,0.000228413540746012,0.0194248738153865,0.00311916618679239,0.332702182792222,-0.00305807848219174,5630.72094098604,4842.95424802079,-787.766692965248,1554.8443370685,-10.044861219872
28000,28,decompression,3,0.9575,0.0425,1.915,0.9575,5347.25848563969,1.0443864229765,5629.18268766757,4808.45107875859,-820.731608908983,1533.0312953106,-9.0613325695231,961.690215751718,399,0.000500000000000167,0.00500000000000167,-0.766515647655558,0.00453066628476306,1.03999452883825,3.38351014483416,0.000367106193399716,0.0209878757321944,0.00499649823692663,0.387015453025034,0.00425362729571505,5629.25179414807,4870.32624435425,-758.925549793818,1558.60015720313,-10.4350110689961
28100,28.1,decompression,3,0.95775,0.04225,1.9155,0.95775,5345.86269903419,1.04411380840512,5627.73232553492,4923.47293485647,-704.259390678448,1546.37959444581,-3.27432307837397,984.694586971296,414,0.000499999999999945,0.00499999999999945,-0.77318979722282,0.0016371615391868,1.03730988396603,3.4714378326888,0.000565999455846026,0.020291169627727,0.00677507342500109,0.214897532229865,-0.00450468218873312,5627.78262976844,4859.02626769521,-768.756362073234,1558.69573235454,-10.1061216460336
28200,28.2,decompression,3,0.958,0.042,1.916,0.958,5344.46764091858,1.04384133611691,5626.27736827011,5024.48910955031,-601.788258719804,1596.3798974988,-8.56847729376936,1004.89782191006,434,0.000499999999999945,0.00499999999999945,-0.79818994874931,0.00428423864688421,1.02971772216437,3.46410161513775,0.000375793776002873,0.0195843614685563,0.00277152397278887,0.343103160593716,0.0132954958893755,5626.31679095178,4879.62303804799,-746.693752903793,1555.77131694781,-10.4956777392297
28300,28.3,decompression,3,0.95825,0.0417500000000001,1.9165,0.95825,5343.07331072267,1.04356900600052,5624.8511196664,6071.5526236297,446.701503963294,1544.32581598005,-10.8322155666832,1214.31052472594,538,0.000499999999999945,0.00499999999999945,-0.772162907989942,0.00541610778334101,1.03764106763325,3.5489310978628,0.000389743790223469,0.0157441540610306,0.00536829283304856,0.512635661995939,-0.00520776082676919,5624.84923111192,4886.504155755,-738.34507535692,1555.58372263,-11.0911460889389
28400,28.4,decompression,3,0.9585,0.0415000000000001,1.917,0.9585,5341.67970787689,1.04329681794471,5623.3906096492,4127.47265020264,-1495.91795944656,1588.10642922053,-13.0433840630141,825.494530040529,349,0.000499999999999945,0.00499999999999945,-0.794053214610178,0.00652169203150632,1.04102475262364,3.58295595640228,0.000538396534899603,0.0417848877393603,0.00187161577769365,0.54814285916808,0.00538553053914844,5623.38469011317,4963.50488937427,-659.879800738902,1551.8124002932,-10.46009809246
28500,28.5,decompression,3,0.95875,0.04125,1.9175,0.95875,5340.28683181226,1.04302477183833,5621.98311063523,5161.85445779686,-460.128652838365,1587.50601711783,-2.29640496010587,1032.37089155937,477,0.000500000000000167,0.00500000000000167,-0.793753008559181,0.00114820248005332,1.03680245821386,3.74113433408574,0.000512259781920101,0.0347261574655215,0.00352270568894678,0.837533441664296,0.00729141237861836,5621.9208043864,5005.648416096,-616.272388290396,1551.33889162645,-10.276487492087
28600,28.6,decompression,3,0.959,0.041,1.918,0.959,5338.89468196038,1.04275286757039,5620.49847182582,5206.59091295702,-413.907558868797,1547.15781214377,-16.5940322574536,1041.31818259141,451,0.000499999999999945,0.00499999999999945,-0.773578906071799,0.00829701612872591,1.04286945207123,3.77290785197455,0.000374351835523924,0.017951459913118,0.00252899166618103,0.48732969220554,-0.00327456355611268,5620.45437586997,5021.75980364717,-598.694572222799,1550.22598525474,-10.3884940877375
28700,28.7,decompression,3,0.95925,0.0407500000000001,1.9185,0.95925,5337.50325775345,1.04248110502997,5619.06029922662,4824.95773598564,-794.102563240977,1536.7343050436,-9.10505214733404,964.991547197128,433,0.000499999999999945,0.00499999999999945,-0.768367152521715,0.00455252607366652,1.04019457079919,3.77757312416515,0.00055751161963384,0.0348546890315037,0.0150893150107304,0.514484735475708,-0.0127613005654364,5618.99095395937,4985.65412849215,-633.33682546722,1547.69235589887,-11.5258121296108
28800,28.8,decompression,3,0.9595,0.0405,1.919,0.9595,5336.11255862428,1.04220948410631,5617.58541443055,4467.44176815329,-1150.14364627726,1585.17580295393,-12.9426367242648,893.488353630658,386,0.000500000000000167,0.00500000000000167,-0.792587901477231,0.00647131836213455,1.04114091652165,3.8448379504175,0.000277206055342731,0.0282846307927162,0.00891986425423725,0.44892181685819,-0.00735944568612946,5617.52526007953,5022.55805948895,-594.967200590577,1544.83833912499,-11.723999261595
28900,28.9,decompression,3,0.95975,0.04025,1.9195,0.95975,5334.72258400625,1.04193800468872,5616.08267211998,4236.58575856269,-1379.49691355729,1560.30287194838,-18.4583010410051,847.317151712539,415,0.000499999999999945,0.00499999999999945,-0.780151435974104,0.00922915052050155,1.0397432805259,3.73694727699981,0.000234946812476353,0.0179588120096354,0.00312065025842641,0.402060946888259,0.0183071411337369,5616.06378777302,5052.06792508466,-563.995862688357,1551.28092331717,-11.547502395195
29000,29,decompression,3,0.96,0.04,1.92,0.96,5333.33333333333,1.04166666666667,5614.54116412522,5807.07310010564,192.531935980418,1607.7380139753,-8.33668952357195,1161.41462002113,487,0.000499999999999945,0.00499999999999945,-0.803869006987563,0.00416834476178551,1.03678225254309,3.48100801920156,0.000337913245323487,0.0258159245706934,0.000585072610561034,0.409566940581491,-0.00714717123377195,5614.60418733472,5036.59182796559,-578.012359369126,1555.5287368448,-11.3858520108766
29100,29.1,decompression,3,0.96025,0.0397500000000001,1.9205,0.96025,5331.94480604009,1.04139546992971,5613.12811206693,5195.42993473605,-417.698177330874,1589.88104478146,-10.2980974372342,1039.08598694721,437,0.000499999999999945,0.00499999999999945,-0.794940522390643,0.00514904871861654,1.03478968333028,3.56763007393181,0.000201555876175052,0.0278976825186396,0.00176155451985946,0.413651719269954,-0.00739321161349709,5613.1439770936,5006.11903668511,-607.024940408492,1553.62583218197,-11.808485416605
29200,29.2,decompression,3,0.9605,0.0395000000000001,1.921,0.9605,5330.55700156169,1.04112441436752,5611.64560948608,5284.44711142681,-327.198498059276,1526.38762185358,-15.4365974042125,1056.88942228536,476,0.000499999999999945,0.00499999999999945,-0.763193810926704,0.00771829870210539,1.04084324566852,3.49671358147068,0.000271846771821616,0.0206259368291584,0.0098318578983431,0.361053197842042,-0.00565488971482531,5611.68390944273,4998.83398836509,-612.84992107764,1555.01026952148,-12.001793715267
29300,29.3,decompression,3,0.96075,0.03925,1.9215,0.96075,5329.16991933385,1.04085349986989,5610.14901516355,5250.68148459383,-359.467530569727,1586.89837932121,-11.2144752886423,1050.13629691877,456,0.000500000000000167,0.00500000000000167,-0.79344918966087,0.00560723764432303,1.03875472604437,3.41918153193664,0.00060000278606534,0.0189716393302208,0.00995031897782038,0.669614868156721,-0.000764945629859071,5610.22570201956,5030.91090179167,-579.314800227887,1550.25645470116,-12.1044615905918
29400,29.4,decompression,3,0.961,0.039,1.922,0.961,5327.78355879292,1.04058272632674,5608.74451822727,5555.03707653181,-53.707441695452,1447.43125167386,-6.54790328602833,1111.00741530636,492,0.000499999999999945,0.00499999999999945,-0.723715625836849,0.00327395164301381,1.03887816847698,3.63393443144683,0.000570437869894116,0.0187757839772651,0.00593470243701499,0.352505704624333,0.00502304745518096,5608.76507607067,4965.61289875063,-643.152177320038,1551.5601728629,-12.1030476135365
29500,29.5,decompression,3,0.96125,0.0387500000000001,1.9225,0.96125,5326.39791937581,1.04031209362809,5607.28518219149,4831.7047704909,-775.580411700583,1541.7414922983,-7.7142216190906,966.340954098181,455,0.000499999999999945,0.00499999999999945,-0.770870746149066,0.00385711080954487,1.03549130978281,3.57913063819199,0.000433366256994897,0.0269417665514518,0.00617291496536445,0.36333944220915,0.0114527459406745,5607.30251696878,4995.30547600545,-611.997040963325,1550.45506025855,-12.3176513902585
29600,29.6,decompression,3,0.9615,0.0385,1.923,0.9615,5325.01300052002,1.04004160166407,5605.79796572741,5487.76817250935,-118.029793218057,1519.16894195391,-15.4575018970126,1097.55363450187,529,0.000500000000000167,0.00500000000000167,-0.759584470977206,0.00772875094850889,1.03896641495052,3.55333970962199,0.000470814139875778,0.0197578560208925,0.00155920625737495,0.234716320770994,-0.00869892607884327,5605.83988756426,5036.12906565462,-569.71082190964,1548.79420914894,-12.6780387684785
29700,29.7,decompression,3,0.96175,0.03825,1.9235,0.96175,5323.62880166363,1.03977125032493,5604.39148049305,4366.83176852056,-1237.5597119725,1494.52495334539,-23.7160190248322,873.366353704112,395,0.000499999999999945,0.00499999999999945,-0.747262476672613,0.0118580095124148,1.04108748816587,3.70486536830426,0.000428655062624632,0.0216141714453118,0.00167049054110184,0.372312668957731,0.01077589330006,5604.3815680042,5038.47469456328,-565.906873440911,1549.90401954187,-12.608577328519
29800,29.8,decompression,3,0.962,0.038,1.924,0.962,5322.24532224532,1.03950103950104,5602.89481569103,5408.10320661397,-194.791609077066,1515.7030590987,-12.3849119934385,1081.62064132279,507,0.000499999999999945,0.00499999999999945,-0.757851529549266,0.00619245599671858,1.03978387786299,3.59549620427977,0.000369383325523759,0.0184866316109367,0.00526008432701665,0.233385773680758,0.0169760196669145,5602.92165071179,5000.85390426686,-602.067746444929,1546.99315648114,-12.3179213084601
29900,29.9,decompression,3,0.96225,0.0377500000000001,1.9245,0.96225,5320.86256170434,1.03923096908288,5601.45180320864,5648.08253052662,46.6307273179827,1618.29864861102,-8.73072586823927,1129.61650610532,496,0.000499999999999945,0.00499999999999945,-0.809149324305421,0.00436536293411915,1.03792799050691,3.55444100817924,0.000305503892814156,0.0190077903763339,0.00285873016178817,0.380922038746668,-0.0140126774465832,5601.46537168441,5040.56802219342,-560.89734949099,1548.26641465009,-11.8822768087958
30000,30,decompression,3,0.9625,0.0375000000000001,1.925,0.9625,5319.48051948052,1.03896103896104,5600.01418862198,4080.40020076867,-1519.61398785331,1593.23022516483,-15.0895891845794,816.080040153734,356,0.000499999999999945,0.00499999999999945,-0.796615112582328,0.00754479459228885,1.03387994400127,3.66022680635676,0.000380968456016407,0.0301257730191413,0.00575313735618123,0.555773544752141,-0.000572194102505902,5600.01024915692,5107.59070080898,-492.419548347942,1545.0530077929,-11.3896512583284
30100,30.1,decompression,3,0.96275,0.03725,1.9255,0.96275,5318.09919501428,1.03869124902623,5598.51827260423,4168.52246186855,-1429.99581073568,1493.0702973911,-17.9366340898188,833.704492373711,375,0.000500000000000167,0.00500000000000167,-0.7465351486958,0.00896831704491241,1.03988556920517,3.50565659756331,0.000263794113109866,0.0186734600958562,0.00412757553855988,0.233330808233378,0.0126296050901557,5598.55782273212,5122.60432654032,-475.953496191808,1544.06429423476,-11.4859455859415
30200,30.2,decompression,3,0.963,0.037,1.926,0.963,5316.71858774663,1.03842159916926,5597.07090486646,4770.48692013591,-826.583984730545,1575.4527785756,-7.33379735027642,954.097384027183,410,0.000499999999999945,0.00499999999999945,-0.787726389287715,0.00366689867513781,1.04290019904314,3.55113608788471,0.000321484529018826,0.0209701080382266,0.00376904554933494,0.350468474255002,0.00591562192375022,5597.10134090835,5096.59607349625,-500.505267412104,1538.93224314625,-11.8622303620521
30300,30.3,decompression,3,0.96325,0.0367500000000001,1.9265,0.96325,5315.33869711913,1.03815208928108,5595.65501238357,5698.10429150858,102.449279125009,1496.54978627195,-10.7245026755901,1139.62085830172,477,0.000499999999999945,0.00499999999999945,-0.748274893135893,0.00536225133779444,1.04123617711158,3.67037113465993,0.000438300753375834,0.0333218860754504,0.00114542554062706,0.60555031273918,-0.00831233694269811,5595.65038974172,5129.19322918722,-466.457160554503,1540.15292224887,-11.3847090543167
30400,30.4,decompression,3,0.9635,0.0365,1.927,0.9635,5313.95952257395,1.03788271925272,5594.17797473972,4700.29455976784,-893.883414971879,1571.70389737661,-10.8025220485217,940.058911953569,406,0.000500000000000167,0.00500000000000167,-0.785851948688568,0.00540126102426264,1.03565508095873,3.63608787426187,0.000352669359769784,0.0184417717278427,0.0034755437761155,0.351057207139381,0.0144050201579535,5594.2056449793,5088.19472891442,-506.010916064879,1537.67164710129,-10.9255424809953
30500,30.5,decompression,3,0.96375,0.03625,1.9275,0.96375,5312.58106355383,1.03761348897536,5592.67686850951,4751.01677255391,-841.660095955594,1564.89906452931,-17.5500633741771,950.203354510783,407,0.000499999999999945,0.00499999999999945,-0.782449532264566,0.0087750316870876,1.03856585670728,3.39159776812399,0.000280776663094855,0.0173119340335011,0.00431103359489779,0.348369914066009,0.00434459026031934,5592.75556113821,5063.69718112066,-529.058380017544,1543.01408526968,-10.6078940337413
30600,30.6,decompression,3,0.964,0.036,1.928,0.964,5311.20331950207,1.03734439834025,5591.26789314035,6019.14984042937,427.881947289021,1552.62814381584,-9.86453990272438,1203.82996808588,517,0.000499999999999945,0.00499999999999945,-0.776314071907835,0.00493226995136165,1.03306267748971,3.50062896221743,0.000343862081672413,0.0189219140973568,0.00367124607196939,0.317483982175753,0.00165566703841499,5591.30487413972,5001.09506602213,-590.209808117585,1540.49229918437,-10.9663366298876
30700,30.7,decompression,3,0.96425,0.0357500000000001,1.9285,0.96425,5309.82628986259,1.03707544723879,5589.8737610645,5255.849120039,-334.024641025498,1570.46383039535,-15.1353420183055,1051.1698240078,474,0.000499999999999945,0.00499999999999945,-0.785231915197589,0.0075676710091519,1.04218535022083,3.67836005320545,0.000363931292093678,0.0213483603015835,0.00298292323947099,0.4061115941266,-0.00819897143973676,5589.85536189249,4989.65539115491,-600.199970737587,1542.94616377584,-10.6517849602654
30800,30.8,decompression,3,0.9645,0.0355000000000001,1.929,0.9645,5308.44997407983,1.03680663556247,5588.40203608612,4034.92113976077,-1553.48089632535,1475.60618076827,-3.00127572609676,806.984227952155,374,0.000499999999999945,0.00499999999999945,-0.737803090384054,0.00150063786304822,1.03955092580415,3.66930463132936,0.000283308188055001,0.0178453502612412,0.00399999265883741,0.41492506877932,0.0045191051930684,5588.40432635403,5065.06997863997,-523.334347714057,1543.50331075455,-10.0613187448458
30900,30.9,decompression,3,0.96475,0.03525,1.9295,0.96475,5307.07437159886,1.0365379632029,5587.00355485556,5301.438244611,-285.565310244553,1611.91422450187,-3.79410223131467,1060.2876489222,453,0.000500000000000167,0.00500000000000167,-0.805957112251206,0.00189705111565797,1.03659568465309,3.65862249911057,0.000470662117349483,0.0291219492475206,0.00465518066695574,0.27026665861488,-0.0106996697160006,5586.95608414642,5005.48289870927,-581.47318543715,1547.1561590433,-9.94236301250164
31000,31,decompression,3,0.965,0.035,1.93,0.965,5305.69948186528,1.03626943005181,5585.52509904276,5644.06200948949,58.5369104467318,1492.82132794742,-8.11316448118849,1128.8124018979,494,0.000499999999999945,0.00499999999999945,-0.746410663973627,0.0040565822405938,1.03201077983104,3.68845451011529,0.000421516590583881,0.0183237007989187,0.00231148032792325,0.398821140680544,-0.000352367705208667,5585.50732874693,4970.04341147938,-615.463917267551,1541.53201853425,-10.5703868898797
31100,31.1,decompression,3,0.96525,0.0347500000000001,1.9305,0.96525,5304.3253043253,1.03600103600104,5584.04020920438,6122.35924046361,538.319031259227,1586.97502925434,-10.3588704034483,1224.47184809272,498,0.000499999999999945,0.00499999999999945,-0.793487514627081,0.00517943520172359,1.0388767169697,3.58786822980475,0.000439732900710321,0.0229211758555826,0.00444081357176559,0.366068470642209,-0.00331038802021668,5584.0570736274,5027.41088297952,-556.646190647883,1537.31213968654,-9.93414504029156
31200,31.2,decompression,3,0.9655,0.0345,1.931,0.9655,5302.95183842569,1.03573278094252,5582.54199376771,4649.25662081062,-933.285372957085,1482.10797192281,-18.200077735557,929.851324162125,425,0.000500000000000167,0.00500000000000167,-0.741053985961652,0.00910003886778155,1.04206748387117,3.41689138999723,0.000407589333350519,0.0284689724798414,0.00806181354135852,0.43763357448595,0.011148279149258,5582.61373243006,5045.37752341335,-537.236209016711,1538.25023892831,-9.66673845997548
31300,31.3,decompression,3,0.96575,0.03425,1.9315,0.96575,5301.57908361377,1.03546466476831,5581.17563498694,5968.98738093727,387.811745950337,1552.0218830086,-5.40864994176775,1193.79747618746,534,0.000499999999999945,0.00499999999999945,-0.776010941504214,0.00270432497088358,1.03844524703071,3.67676365817046,0.00052739778048041,0.0180065993643936,0.00415720088147958,0.388173182752481,-0.00438440452374776,5581.16973368452,5054.63684289701,-526.532890787509,1538.26812634487,-9.65147659235874
31400,31.4,decompression,3,0.966,0.034,1.932,0.966,5300.20703933747,1.0351966873706,5579.80937515268,4389.71297886505,-1190.09639628763,1534.7916012221,-1.57197724889286,877.94259577301,373,0.000499999999999945,0.00499999999999945,-0.767395800610965,0.000785988624446343,1.04546159271322,3.83770560940032,0.000396053094382078,0.0214788404718593,0.00221537542582649,0.334754498162945,0.00840392568512611,5579.72591727961,5052.50998312106,-527.215934158559,1541.43885933953,-9.1910999407286
31500,31.5,decompression,3,0.96625,0.0337500000000001,1.9325,0.96625,5298.83570504528,1.03492884864166,5578.29275756432,5040.58857286292,-537.704184701403,1559.62245321,0.122714106305835,1008.11771457258,450,0.000499999999999945,0.00499999999999945,-0.779811226604916,-6.13570531529106e-05,1.03811087383982,3.70856099552566,0.000590021822775279,0.019785623979168,0.000601684110295624,0.25455064832953,-0.0109702864628062,5578.28519137657,5053.51981330256,-524.765378074005,1538.70615012958,-8.97685673280069
31600,31.6,decompression,3,0.9665,0.0335000000000001,1.933,0.9665,5297.46508018624,1.03466114847388,5576.82075522319,3517.06035342175,-2059.76040180144,1488.7839845067,-15.2415161381637,703.41207068435,347,0.000499999999999945,0.00499999999999945,-0.74439199225327,0.00762075806908102,1.04039424667584,3.60256486148595,0.00032251661601874,0.0394396270346505,0.00252195395929228,0.628185091867916,0.0116530005813233,5576.84426406646,5056.39702755084,-520.447236515624,1539.50891493681,-8.71034073234819
31700,31.7,decompression,3,0.96675,0.03325,1.9335,0.96675,5296.09516420998,1.03439358675976,5575.35820853564,5247.53500029753,-327.823208238114,1570.7000983749,-8.85191683494717,1049.50700005951,480,0.000500000000000167,0.00500000000000167,-0.785350049187711,0.00442595841747506,1.03757581358556,3.565435284383,0.000422816029401651,0.0250033307365378,0.00138538687372778,0.482441955737733,0.00794870674296969,5575.40219360074,4983.68451734893,-591.717676251812,1538.84200538648,-8.72028779132877
31800,31.8,decompression,3,0.967,0.033,1.934,0.967,5294.7259565667,1.03412616339193,5573.91973418537,5950.53810570701,376.618371521637,1506.22503989831,-11.3162285010188,1190.1076211414,497,0.000499999999999945,0.00499999999999945,-0.75311251994907,0.00565811425050877,1.04525971363758,3.50342298370318,0.000434318583568765,0.0241021843439888,0.00587452802918936,0.306450199578081,-0.0146232277645254,5573.96030816845,4990.14453376033,-583.815774408117,1539.2522493369,-8.00422453676893
31900,31.9,decompression,3,0.96725,0.0327500000000001,1.9345,0.96725,5293.35745670716,1.03385887826312,5572.48172933121,4156.7745280692,-1415.70720126202,1592.41287316247,-9.88684161421214,831.35490561384,364,0.000499999999999945,0.00499999999999945,-0.796206436581145,0.00494342080710553,1.04079013021584,3.5245851652477,0.000528844867286538,0.0230017220717456,0.00543809556739146,0.61584740108289,-0.0122129792622371,5572.52278782296,5067.34066249383,-505.182125329128,1544.22238073126,-8.06277158298123
32000,32,decompression,3,0.9675,0.0325,1.935,0.9675,5291.98966408269,1.03359173126615,5571.02793981934,4903.85329869892,-667.174641120424,1500.19169792094,-21.9192272931792,980.770659739784,415,0.000500000000000167,0.00500000000000167,-0.750095848960718,0.0109596136465933,1.0443834531253,3.51680338752911,0.000584042525446535,0.0309654933446588,0.00557488656146703,0.485857898033906,-0.000811868185891226,5571.07990477877,5056.63086749124,-514.449037287531,1540.26697059909,-8.43038450909661
32100,32.1,decompression,3,0.96775,0.03225,1.9355,0.96775,5290.62257814518,1.03332472229398,5569.55883111185,5285.11710227156,-284.441728840286,1504.61276936292,-1.72851034322782,1057.02342045431,457,0.000499999999999945,0.00499999999999945,-0.752306384681379,0.000864255171613815,1.03969758788113,3.4911125630081,0.000451656831242672,0.0306656686926497,0.00646195383347847,0.502573925514192,0.00727312046439447,5569.64228594212,5018.76879753948,-550.873488402638,1542.44322018432,-8.16272682137323
32200,32.2,decompression,3,0.968,0.032,1.936,0.968,5289.25619834711,1.03305785123967,5568.20810746008,4545.82191097901,-1022.38619648107,1512.77038146831,-12.321095903181,909.164382195802,398,0.000499999999999945,0.00499999999999945,-0.756385190734071,0.00616054795158982,1.04449878906242,3.67037113465993,0.000400110032136133,0.0182630671668124,0.000822116630413238,0.272450408806264,-0.000695877408609886,5568.20466671075,4957.01012704095,-611.194539669795,1540.7495155622,-7.93275638688421
32300,32.3,decompression,3,0.96825,0.0317500000000001,1.9365,0.96825,5287.89052414149,1.03279111799639,5566.74693121008,4964.93262929278,-601.814301917299,1575.82841432327,-7.01329813032491,992.986525858557,447,0.000499999999999945,0.00499999999999945,-0.78791420716155,0.00350664906516207,1.04425052775116,3.63393443144683,0.000419293690299563,0.0134597261907033,0.000957227227936285,0.176087593787553,0.0114837994734799,5566.76971450986,4975.3923924912,-591.377322018665,1547.40871645529,-7.64138047512085
32400,32.4,decompression,3,0.9685,0.0315000000000001,1.937,0.9685,5286.52555498193,1.03252452245741,5565.3348678806,5653.44023621356,88.1053683329601,1563.13517915975,-1.05659299135719,1130.68804724271,525,0.000499999999999945,0.00499999999999945,-0.781567589579787,0.000528296495678537,1.03960132053059,3.63339587132065,0.000465930298281213,0.0237494837655152,0.00118501354503602,0.344105792372503,-0.0184226593039858,5565.33174882656,4983.4069577525,-581.924791074064,1546.71065714304,-7.59279273699884
32500,32.5,decompression,3,0.96875,0.03125,1.9375,0.96875,5285.16129032258,1.03225806451613,5563.92273077574,4721.50099357948,-842.42173719626,1514.31700396761,-6.30341468203544,944.300198715896,427,0.000500000000000167,0.00500000000000167,-0.757158501984057,0.00315170734101877,1.04409287443364,3.71383408363685,0.000460942347303445,0.0194529641697792,0.00117952505404606,0.334323818712223,-0.00833138553751389,5563.88776882566,4995.22460061893,-568.663168206732,1549.24714808598,-7.94756765063027
32600,32.6,decompression,3,0.969,0.031,1.938,0.969,5283.79772961816,1.03199174406605,5562.41739499721,4811.43827176763,-750.979123229577,1581.75712548125,-11.9532273646747,962.287654353527,428,0.000499999999999945,0.00499999999999945,-0.790878562740537,0.00597661368233671,1.04900647167676,3.53733235031086,0.000353023833971462,0.0226952912940028,0.00168190464405006,0.437512700218495,0.0147441594043918,5562.45087631295,4966.41886715302,-596.032009159927,1546.94571022313,-8.52117117526688
32700,32.7,decompression,3,0.96925,0.0307500000000001,1.9385,0.96925,5282.43487232396,1.03172556100077,5560.98441336034,4492.18712618941,-1068.79728717093,1538.62304325897,-10.0734281413166,898.437425237882,411,0.000499999999999945,0.00499999999999945,-0.769311521629401,0.00503671407065776,1.05252665869766,3.49671358147068,0.000307142057668308,0.0231428528650885,0.000959209588331245,0.411780500686892,0.00432556910845137,5561.01527977968,4970.36354013275,-590.651739646922,1550.45313158434,-8.39754283149381
32800,32.8,decompression,3,0.9695,0.0305,1.939,0.9695,5281.07271789582,1.03145951521403,5559.59416698632,5391.5094646784,-168.084702307917,1579.07895335408,-0.0980136725487696,1078.30189293568,469,0.000500000000000167,0.00500000000000167,-0.789539476677301,4.90068362744012e-05,1.04540123115425,3.68208228334072,0.000360265545410358,0.0298662436459528,0.00569318380977594,0.679769947287045,0.00217338682769034,5559.58095257955,4972.87619486078,-586.70475771877,1549.82758525593,-8.2644145222193
32900,32.9,decompression,3,0.96975,0.03025,1.9395,0.96975,5279.71126579015,1.03119360659964,5558.21410883079,5656.03984316421,97.8257343334226,1579.97894004979,-4.23076369655508,1131.20796863284,496,0.000499999999999945,0.00499999999999945,-0.78998947002481,0.00211538184827731,1.03907209732186,3.75627329158781,0.000507375624884246,0.0286636400058739,0.00264747742662193,0.412749820024935,-0.00346493702403802,5558.14696147265,4932.37390092291,-625.773060549736,1557.68215337271,-7.9957635982073
33000,33,decompression,3,0.97,0.03,1.94,0.97,5278.35051546392,1.03092783505155,5556.70301092766,5076.53254955665,-480.170461371011,1528.85061172639,-11.5139736797375,1015.30650991133,465,0.000499999999999945,0.00499999999999945,-0.764425305863113,0.00575698683986814,1.04534496217402,3.60961967628674,0.000342326966551959,0.025640947009556,0.000637980088601858,0.609254888566448,-0.00905278704639282,5556.71589337033,4961.47450254963,-595.241390820699,1556.10347416876,-8.29889192633913
33100,33.1,decompression,3,0.97025,0.0297500000000001,1.9405,0.97025,5276.99046637465,1.0306622004638,5555.33510347298,4848.95854050247,-706.376562970507,1538.52256923712,-2.49235303899758,969.791708100495,376,0.000499999999999945,0.00499999999999945,-0.769261284618476,0.00124617651949865,1.03631663666947,3.72540860523105,0.000462704969935226,0.0238229708343155,0.0068712242193468,0.388625647736657,0.000971118928746278,5555.28360222791,4952.0339038918,-603.249698336116,1558.42512287669,-7.3960469748323
33200,33.2,decompression,3,0.9705,0.0295000000000001,1.941,0.9705,5275.63111798042,1.03039670273055,5553.8502053456,4825.42715999452,-728.423045351078,1551.40723219,-5.52949127917895,965.085431998905,411,0.000499999999999945,0.00499999999999945,-0.775703616094914,0.00276474563958917,1.03674630464318,3.68155076658828,0.000361188172089931,0.0245105255149379,0.00625855548251189,0.28428198743016,0.00212604872975888,5553.85612807595,4986.15358611612,-567.70254195983,1562.6402145145,-8.37266338066125
33300,33.3,decompression,3,0.97075,0.02925,1.9415,0.97075,5274.27246973989,1.03013134174607,5552.40799754916,5035.28419526582,-517.123802283342,1621.9511906776,-12.0811835885264,1007.05683905316,451,0.000500000000000167,0.00500000000000167,-0.810975595339073,0.00604059179426519,1.04068415944873,3.59113934572183,0.000503115166157111,0.0311600729168039,0.00267267831592902,0.651300893258452,0.0201163357216618,5552.42328566082,5006.47778556163,-545.945500099193,1563.86175118434,-7.99066791200732
33400,33.4,decompression,3,0.971,0.029,1.942,0.971,5272.91452111226,1.02986611740474,5550.97835563763,6137.29325142458,586.314895786956,1537.36263745139,-4.38830744120548,1227.45865028492,544,0.000499999999999945,0.00499999999999945,-0.768681318725611,0.0021941537206025,1.04249345949666,3.57091972891744,0.000264073814039634,0.0137475994150659,0.00196935537280179,0.353096006464807,-0.0142311122811559,5550.99629296953,4995.30677505058,-555.689517918948,1559.05740297078,-8.46595119419039
33500,33.5,decompression,3,0.97125,0.0287500000000001,1.9425,0.97125,5271.55727155727,1.02960102960103,5549.48579513383,4637.88347906017,-911.602316073659,1588.05791102379,-9.02225043515303,927.576695812034,410,0.000499999999999945,0.00499999999999945,-0.794028955511807,0.00451112521757602,1.03858964985015,3.31573960957623,0.000298940278581953,0.0169573528401562,0.00279061872178987,0.354774031285421,-0.0067868918994421,5549.56718393391,4949.22025526025,-600.346928673664,1561.1318758661,-8.69264820631944
33600,33.6,decompression,3,0.9715,0.0285,1.943,0.9715,5270.20072053525,1.02933607822954,5548.11801479727,4435.66817007877,-1112.4498447185,1511.29225809007,-11.9229599110629,887.133634015755,393,0.000500000000000167,0.00500000000000167,-0.755646129045288,0.00596147995553342,1.04052764853879,3.57967736249644,0.000359415729771742,0.0245117135653752,0.00450080473847115,0.29344627838502,-2.48411625867473e-06,5548.13530220808,4963.55806181797,-584.577240390111,1561.14917658833,-8.64779653573168
33700,33.7,decompression,3,0.97175,0.02825,1.9435,0.97175,5268.84486750707,1.02907126318498,5546.67322802451,3599.89848599618,-1946.77474202833,1562.4398330923,-12.6453209189293,719.979697199236,310,0.000499999999999945,0.00499999999999945,-0.781219916546063,0.00632266045946395,1.0407490868452,3.52625045481156,0.000308783114119284,0.0202391408564499,0.00420794675245159,0.407140384755468,0.00918975096640633,5546.705864221,5024.72042798362,-521.98543623739,1557.83010775982,-8.2693462086635
33800,33.8,decompression,3,0.972,0.028,1.944,0.972,5267.48971193416,1.02880658436214,5545.23733733303,5300.30074958611,-244.936587746921,1557.56362547816,-6.05622234018255,1060.06014991722,439,0.000499999999999945,0.00499999999999945,-0.778781812738993,0.00302811117009094,1.04070474015269,3.45221786959892,0.000522291768882239,0.0199538746530227,0.00232667048343981,0.427700765693112,0.011089727896694,5545.27930713537,5040.80963532552,-504.469671809847,1556.79678738088,-8.57203945928022
33900,33.9,decompression,3,0.97225,0.0277500000000001,1.9445,0.97225,5266.13525327848,1.02854204165595,5543.80592094042,5099.98993301176,-443.815987928655,1671.17097035066,-5.6745590967668,1019.99798660235,451,0.000499999999999945,0.00499999999999945,-0.835585485175236,0.00283727954838309,1.03674326000118,3.52625045481156,0.000302770888197815,0.0434127442093453,0.00385730086867666,0.912886278856471,-0.00595846539495838,5543.85152445106,5051.41993150589,-492.431592945168,1555.24536248076,-9.227207815333
34000,34,decompression,3,0.9725,0.0275000000000001,1.945,0.9725,5264.78149100257,1.02827763496144,5542.42929918254,4767.8871622303,-774.542136952239,1559.26060987955,-16.2525365049806,953.577432446061,422,0.000499999999999945,0.00499999999999945,-0.779630304939691,0.00812626825248941,1.04535230926005,3.65755257000475,0.000375058292219549,0.0230034935242812,0.00152380055554306,0.420837000669148,-0.000866768280929457,5542.42220575011,5021.64258443798,-520.779621312133,1552.94367119466,-9.57114877134145
34100,34.1,decompression,3,0.97275,0.02725,1.9455,0.97275,5263.42842456952,1.02801336417373,5540.94982582855,4705.60072688437,-835.349098944185,1548.94632078756,-2.95948331153574,941.120145376874,439,0.000500000000000167,0.00500000000000167,-0.774473160394038,0.00147974165576836,1.03965041856485,3.51402000491061,0.000235151283765541,0.0213929931204667,0.0026528312990435,0.271596787054703,0.0039650184386131,5540.99903800793,4988.23970429334,-552.75933371459,1554.04839451655,-9.51827464389158
34200,34.2,decompression,3,0.973,0.027,1.946,0.973,5262.07605344296,1.02774922918808,5539.58187392054,6001.63042898226,462.048555061728,1593.12969375679,-22.2374548656357,1200.32608579645,534,0.000499999999999945,0.00499999999999945,-0.796564846878305,0.0111187274328166,1.0473121649237,3.61557838319262,0.000138344581673599,0.0287493230910772,0.00211294505677512,0.57994803461842,-0.0149590555877325,5539.57297072501,4980.52186512613,-559.051105598889,1552.4419469999,-9.69372488695633
34300,34.3,decompression,3,0.97325,0.0267500000000001,1.9465,0.97325,5260.72437708708,1.02748522989982,5538.11841674254,4972.63009933483,-565.488317407708,1538.4226515351,-4.29919106144852,994.526019866967,440,0.000499999999999945,0.00499999999999945,-0.769211325767465,0.00214959553072402,1.03515142045126,3.51513362243338,0.000377072395011769,0.0174575351952865,0.00410655559821036,0.311584437442258,0.0133246826593414,5538.15202327816,4948.55733638456,-589.5946868936,1550.89568196508,-9.88977655197612
34400,34.4,decompression,3,0.9735,0.0265,1.947,0.9735,5259.37339496661,1.02722136620442,5536.78008469294,4730.34140856079,-806.438676132156,1474.93710183848,-16.9942470561694,946.068281712158,442,0.000500000000000167,0.00500000000000167,-0.737468550919485,0.00849712352808751,1.03955576749277,3.7770550451496,0.000249518455902234,0.0206041356579546,0.00148678628276282,0.466906473024466,0.00104530057571804,5536.73145792501,4968.59883213712,-568.132625787898,1546.05675101451,-10.0900978298198
34500,34.5,decompression,3,0.97375,0.02625,1.9475,0.97375,5258.02310654686,1.02695763799743,5535.32357813255,4685.62332061649,-849.700257516061,1606.69910996151,-5.81723024606726,937.124664123298,394,0.000499999999999945,0.00499999999999945,-0.803349554980669,0.00290861512303331,1.0377747675097,3.63770211979056,0.00023078439787093,0.0231414573448764,0.00019786864022969,0.536331908504843,0.00926800020475224,5535.31273422546,4915.49440477762,-619.818329447833,1544.7100139922,-10.5706732655607
34600,34.6,decompression,3,0.974,0.026,1.948,0.974,5256.67351129363,1.02669404517454,5533.8532145332,5022.59493129155,-511.258283241646,1514.68031913444,-5.36152959969242,1004.51898625831,483,0.000499999999999945,0.00499999999999945,-0.757340159567135,0.00268076479984591,1.03747436558442,3.4798834809654,0.000198796256241266,0.0216408958797675,0.002221285840426,0.317651973047085,0.0024248476801285,5533.89890193399,4965.05245447456,-568.846447459434,1544.58536692042,-10.2907929747772
34700,34.7,decompression,3,0.97425,0.0257500000000001,1.9485,0.97425,5255.32460867334,1.02643058763151,5532.39919726873,6095.84796124627,563.448763977543,1512.05668008252,-4.00577049624306,1219.16959224925,508,0.000499999999999945,0.00499999999999945,-0.756028340041177,0.00200288524812131,1.04241424515315,3.3503804147707,0.000288662163046978,0.0260298705251646,0.00298614761245872,0.345054374469273,-0.00590304672537189,5532.48085538047,5021.11143561366,-511.369419766809,1546.38549910211,-9.89167898411544
34800,34.8,decompression,3,0.9745,0.0255000000000001,1.949,0.9745,5253.9763981529,1.02616726526424,5531.02671456201,4830.06048036949,-700.966234192516,1516.92331530125,-16.4299864042677,966.012096073899,446,0.000499999999999945,0.00499999999999945,-0.75846165765054,0.00821499320213293,1.04192971952007,3.57748996396497,0.000351237131833235,0.0264780855046611,0.00264259265672974,0.463494024266818,0.0121746517999826,5531.06417783662,5060.91233840371,-470.151839432916,1546.33427253256,-9.72628913610794
34900,34.9,decompression,3,0.97475,0.02525,1.9495,0.97475,5252.62887919979,1.02590407796871,5529.61073061573,5614.32568446606,84.7149538503354,1546.4990304514,-13.8565491496572,1122.86513689321,479,0.000500000000000167,0.00500000000000167,-0.773249515225957,0.00692827457483092,1.04151674406627,3.6709042701315,0.000303943268411347,0.0235172782233688,0.00507034822665888,0.38024396086031,-0.0187556033221117,5529.64935513533,5048.17042747011,-481.478927665221,1546.30137187503,-9.59024354782354
35000,35,decompression,3,0.975,0.025,1.95,0.975,5251.28205128205,1.02564102564103,5528.1984161109,5030.71555473805,-497.48286137285,1531.6434230418,-11.4535237727326,1006.14311094761,451,0.000499999999999945,0.00499999999999945,-0.765821711520814,0.00572676188636567,1.03930884521796,3.71488780307461,0.000289457716600667,0.0166396410775833,0.00756326824229525,0.328835337934342,-0.00968430937306799,5528.23187797124,5063.56247469963,-464.669403271606,1539.29100913722,-9.87487004530098
35100,35.1,decompression,3,0.97525,0.02475,1.9505,0.97525,5249.93591386824,1.02537810817739,5526.81648834192,4375.07206651932,-1151.74442182259,1552.04980148616,-10.4036170032902,875.014413303866,423,0.000499999999999945,0.00499999999999945,-0.776024900742992,0.00520180850164453,1.04390704717462,3.66236478948671,0.000345640853004488,0.0176321226190382,0.000551532010245744,0.37901780432868,0.00321682703488024,5526.81233046876,5042.05384646158,-484.758484007186,1540.07486748892,-9.62279150807642
35200,35.2,decompression,3,0.9755,0.0245,1.951,0.9755,5248.59046642747,1.02511532547412,5525.38769053172,4686.88391799094,-838.503772540781,1504.78717138743,-6.17680814335724,937.376783598188,398,0.000500000000000167,0.00500000000000167,-0.752393585693968,0.00308840407167965,1.04273255242969,3.66877126340281,0.000267655583438015,0.0242999991350197,0.0019866304170006,0.477115569218833,0.00184154010076748,5525.39671653411,5033.68388416758,-491.712832366524,1539.1580405041,-9.67513142449675
35300,35.3,decompression,3,0.97575,0.02425,1.9515,0.97575,5247.24570842941,1.02485267742762,5524.01030896161,4154.1720564216,-1369.83825254001,1518.93566645878,-9.64657624459448,830.83441128432,347,0.000499999999999945,0.00499999999999945,-0.759467833229304,0.00482328812229671,1.03922960465474,3.78068010738333,0.000214539561219187,0.0244843922815276,0.00144885151599752,0.289813141660087,0.0132843064471263,5523.98003428544,5006.65465055283,-517.325383732607,1540.98992172543,-9.2288831501613
35400,35.4,decompression,3,0.976,0.024,1.952,0.976,5245.90163934426,1.02459016393443,5522.57612513314,5456.15560606953,-66.420519063613,1520.33364071558,-16.287930423244,1091.23112121391,465,0.000499999999999945,0.00499999999999945,-0.760166820357705,0.00814396521162108,1.04357830752031,3.73747091565957,0.00019530846864119,0.0332715155459039,0.00277973873778747,0.751610170037626,0.00270795037586729,5522.56782036428,4986.27558118445,-536.292239179827,1541.93142256952,-9.77972203211023
35500,35.5,decompression,3,0.97625,0.02375,1.9525,0.97625,5244.55825864277,1.02432778489117,5521.18515794691,5022.10027687523,-499.084881071681,1509.08115998279,-14.4803915917635,1004.42005537505,483,0.000499999999999945,0.00499999999999945,-0.754540579991313,0.00724019579588098,1.04812954664814,3.82288914422089,0.000237085898161621,0.0405434655334028,0.000227368522188596,0.725998117251199,0.00933072814491448,5521.15346803154,5006.45333551525,-514.700132516294,1547.32561286186,-9.54672747200531
35600,35.6,decompression,3,0.9765,0.0235000000000001,1.953,0.9765,5243.21556579621,1.02406554019457,5519.79531701303,5678.60252269576,158.807205682735,1585.44032251657,-3.14476432870094,1135.72050453915,531,0.000499999999999945,0.00499999999999945,-0.792720161258197,0.00157238216435029,1.0400875679769,3.92143988891177,0.000198287891801543,0.0265273412910671,0.000117028828740941,0.494005404014512,0.00448226425704279,5519.73791943549,5001.83213695122,-517.905782484268,1546.05729702485,-9.9444902250715
35700,35.7,decompression,3,0.97675,0.02325,1.9535,0.97675,5241.87356027643,1.02380342974149,5518.3390371733,5612.90677399991,94.5677368266097,1549.09503390542,-3.54156610716509,1122.58135479998,486,0.000500000000000167,0.00500000000000167,-0.774547516952971,0.00177078305358314,1.03889070600109,3.71014370887555,0.000254953756232232,0.0255738580448253,0.000294992094049199,0.519464490233373,-0.00786066893903502,5518.32723005249,4969.62885867184,-548.698371380652,1547.8452595264,-10.2769732677502
35800,35.8,decompression,3,0.977,0.023,1.954,0.977,5240.53224155578,1.02354145342886,5516.92299960381,4435.71744458725,-1081.20555501657,1561.36407513176,-9.1721341107719,887.14348891745,376,0.000499999999999945,0.00499999999999945,-0.780682037565793,0.00458606705538545,1.041673324042,3.74792832534165,0.000197162012379671,0.0264099832303382,0.00532386258526604,0.421206059432012,-0.00693974658717159,5516.9201089686,4919.08486200379,-597.835246964808,1547.43097738786,-11.092346207388
35900,35.9,decompression,3,0.97725,0.02275,1.9545,0.97725,5239.19160910719,1.02327961115375,5515.5260606058,5032.72061998047,-482.805440625333,1556.87271167012,-3.19926498621017,1006.54412399609,398,0.000499999999999945,0.00499999999999945,-0.778436355834976,0.00159963249310491,1.03881489038666,3.83872532659898,0.000221220433556711,0.0118236557811441,0.00280275710323872,0.38357157669851,-0.000766634197056658,5515.50727673318,4912.83354238631,-602.673734346869,1546.34586353139,-10.3399432642636
36000,36,decompression,3,0.9775,0.0225,1.955,0.9775,5237.85166240409,1.0230179028133,5514.03890049448,5423.22292483174,-90.8159756627365,1523.95335285664,-11.6517155437928,1084.64458496635,424,0.000500000000000167,0.00500000000000167,-0.761976676428573,0.00582585777189837,1.04165616425017,3.558292868905,0.000393919876229696,0.0108835013493458,0.00473726682801599,0.204086339413627,-0.0235713200021599,5514.09919141337,4918.25229598281,-595.846895430552,1545.24645555385,-10.0684458330657
36100,36.1,decompression,3,0.97775,0.02225,1.9555,0.97775,5236.51240092048,1.02275632830478,5512.61880163059,4316.20596923117,-1196.41283239942,1575.72163526516,-10.958887223265,863.241193846235,354,0.000499999999999945,0.00499999999999945,-0.787860817632495,0.00547944361163188,1.04451987210806,3.51011956130243,0.000480363936676078,0.0147609373108832,0.0104431843220574,0.283039956799773,0.00842630594682575,5512.68990823785,4914.06893475642,-598.62097348143,1546.8283407448,-9.50391337196515
36200,36.2,decompression,3,0.978,0.022,1.956,0.978,5235.17382413088,1.02249488752556,5511.22193320079,4529.8315187105,-981.390414490294,1529.69295410652,-4.0586215563625,905.966303742101,399,0.000499999999999945,0.00499999999999945,-0.764846477053174,0.00202931077818103,1.03844919569681,3.59277378683462,0.000436800386139099,0.0141387305114348,0.00909165946934045,0.252465241626133,0.00359983546351362,5511.2804723792,4934.30342225949,-576.977050119717,1547.81812276184,-9.67661228813541
36300,36.3,decompression,3,0.97825,0.02175,1.9565,0.97825,5233.83593151035,1.02223358037312,5509.83154669848,5434.01652307247,-75.8150236260108,1631.59919940464,-12.8662411045913,1086.8033046145,479,0.000499999999999945,0.00499999999999945,-0.81579959970223,0.00643312055229495,1.03632407231093,3.56653284798738,0.000339470788291532,0.0253994734495019,0.00658766178579403,0.197747359504435,-0.00121700354464472,5509.87314946679,4961.71232760448,-548.160821862312,1550.21743839036,-9.70136098673109
36400,36.4,decompression,3,0.9785,0.0215000000000001,1.957,0.9785,5232.49872253449,1.02197240674502,5508.46192439824,4544.66964259892,-963.792281799319,1558.19416926094,-15.866807582376,908.933928519784,417,0.000499999999999945,0.00499999999999945,-0.779097084630384,0.00793340379118712,1.03681503419038,3.65166235634881,0.000308619967452257,0.0242589932604699,0.00692798443724067,0.475045869309316,0.011784183843572,5508.46545550129,4959.97246401302,-548.492991488271,1550.61644588109,-10.07289812083
36500,36.5,decompression,3,0.97875,0.02125,1.9575,0.97875,5231.16219667944,1.02171136653895,5507.0786857054,5154.07424950743,-353.004436197974,1588.2150979777,-12.1013612939662,1030.81484990149,464,0.000500000000000167,0.00500000000000167,-0.794107548989117,0.00605068064698511,1.03679539251749,3.73904139163713,0.000521672174161549,0.017928277143419,0.0030959453191408,0.613550059313143,-0.0108139199727404,5507.05502727973,4970.74297766692,-536.312049612807,1552.83517637548,-9.38429971358722
36600,36.6,decompression,3,0.979,0.021,1.958,0.979,5229.82635342186,1.02145045965271,5505.59705761552,4588.578150772,-917.018906843517,1580.06447738427,-14.1702480604573,917.715630154401,430,0.000499999999999945,0.00499999999999945,-0.79003223869205,0.00708512403022787,1.0330437571589,3.60799286646493,0.00021015874403265,0.0161116264084987,0.00755633651078314,0.292271994117919,-0.00268171623532747,5505.64434601643,4977.5883344151,-528.056011601324,1555.68141323867,-9.25049650665209
36700,36.7,decompression,3,0.97925,0.02075,1.9585,0.97925,5228.49119223896,1.02118968598417,5504.22873749015,4346.32608742445,-1157.9026500657,1552.22753166697,-12.3436734959448,869.26521748489,406,0.000499999999999945,0.00499999999999945,-0.7761137658334,0.00617183674797173,1.03852493753326,3.64254056411901,0.000278173606358656,0.0221718513323016,0.00574463407759692,0.378311046911052,0.0115644604506311,5504.23465557017,4941.30883378174,-562.92582178842,1550.40967396387,-9.84106741510528
36800,36.8,decompression,3,0.9795,0.0205,1.959,0.9795,5227.15671260847,1.02092904543134,5502.84965450698,5034.42403121725,-468.425623289725,1503.35675517319,-21.1286022286364,1006.88480624345,459,0.000500000000000167,0.00500000000000167,-0.751678377586846,0.0105643011143217,1.04762689519171,3.73432798230847,0.000211242217990674,0.0324836355208534,0.00319124867077544,0.533882808035356,-0.0034389629888758,5502.82745585948,4889.75271465508,-613.074741204398,1548.40207549979,-9.82202837513537
36900,36.9,decompression,3,0.97975,0.02025,1.9595,0.97975,5225.82291400868,1.02066853789232,5501.35723761833,4698.78276840253,-802.574469215804,1494.1359243153,-0.629524598655243,939.756553680507,406,0.000499999999999945,0.00499999999999945,-0.747067962157568,0.000314762299327587,1.03859886755092,3.40886377705083,0.00044842722950374,0.0177180335034658,0.00415521024048379,0.312440766699498,0.0081532789609698,5501.42149831603,4925.89883901514,-575.522659300888,1546.16532384069,-9.84980889778585
37000,37,decompression,3,0.98,0.02,1.96,0.98,5224.48979591837,1.02040816326531,5500.0409388996,5728.11950999258,228.078571092981,1523.41146292305,-8.15510309450264,1145.62390199852,504,0.000499999999999945,0.00499999999999945,-0.761705731461441,0.00407755154725087,1.03687935175639,3.66022680635676,0.000403280453063266,0.0162027064114862,0.000380547989716569,0.380304389759358,0.0123491160936885,5500.01595827242,4923.59295320136,-576.423005071058,1543.79478996964,-10.3111332622586
37100,37.1,decompression,3,0.98025,0.01975,1.9605,0.98025,5223.15735781688,1.02014792144861,5498.6034694251,4942.86496898383,-555.738500441272,1564.8630120518,0.401657910379649,988.572993796767,455,0.000499999999999945,0.00499999999999945,-0.782431506025812,-0.000200828955189802,1.03611269418392,3.64629935983408,0.000417141452957372,0.0152874118028629,0.00517421891451567,0.231136629100051,-0.0061419423652663,5498.61285178027,4861.70513607935,-636.907715700922,1545.7660502096,-10.2100788334167
37200,37.2,decompression,3,0.9805,0.0195000000000001,1.961,0.9805,5221.82559918409,1.01988781234064,5497.21833531031,4799.99630408369,-697.222031226618,1572.83522384405,-14.0302942428658,959.999260816739,415,0.000499999999999945,0.00499999999999945,-0.786417611921941,0.00701514712143214,1.04580023537451,3.62908451308744,0.000427465644390062,0.0262766701792474,0.0067241278731381,0.537982388427985,0.0044477860729723,5497.21534822224,4915.76499839895,-581.45034982329,1546.5800237316,-10.366596856821
37300,37.3,decompression,3,0.98075,0.01925,1.9615,0.98075,5220.49451950038,1.01962783583992,5495.83390937109,5262.47093023581,-233.362979135282,1555.17279958632,-6.69653081386644,1052.49418604716,449,0.000500000000000167,0.00500000000000167,-0.777586399793422,0.00334826540693434,1.03667438674509,3.73747091565957,0.000307360382102742,0.0183908078931739,0.00192257548158678,0.421030941261212,-0.0083548098027071,5495.81380185658,4943.73479527931,-552.079006577269,1548.35314115436,-10.6291380375208
37400,37.4,decompression,3,0.981,0.019,1.962,0.981,5219.16411824669,1.01936799184506,5494.44873568604,4117.63492100088,-1376.81381468516,1527.31482376417,-17.4488560606717,823.526984200176,366,0.000499999999999945,0.00499999999999945,-0.763657411882,0.00872442803033491,1.05044729283409,3.71172574734225,0.000190643954102627,0.0349385930983024,0.000193691208965645,0.533877612558071,0.0121422601960016,5494.41187018422,4940.90234840005,-553.50952178417,1543.91214302032,-10.701299161119
37500,37.5,decompression,3,0.98125,0.01875,1.9625,0.98125,5217.83439490446,1.01910828025478,5492.95713248031,5682.33639280145,189.37926032114,1566.92698109763,-1.82736387114544,1136.46727856029,530,0.000499999999999945,0.00499999999999945,-0.78346349054873,0.000913681935572619,1.04321371672147,3.47200151505554,0.000342314440618918,0.015219357110238,0.000290882517815473,0.439510471310485,0.0136362747219267,5493.00705402502,4975.50237470664,-517.504679318376,1543.45422143135,-10.2834357372922
37600,37.6,decompression,3,0.9815,0.0185,1.963,0.9815,5216.50534895568,1.01884870096791,5491.5608514176,5165.85276858706,-325.708082830541,1568.85213410993,-11.6705242461258,1033.17055371741,479,0.000500000000000167,0.00500000000000167,-0.784426067055228,0.00583526212306484,1.04257637712443,3.44540875474592,0.000146021549315155,0.019356165598004,0.00060414618093707,0.379881720840502,-0.000546164846239879,5491.60113432013,4923.77678174846,-567.824352571673,1541.44455071205,-9.96988289905377
37700,37.7,decompression,3,0.98175,0.01825,1.9635,0.98175,5215.17697988286,1.01858925388337,5490.19181764153,4916.73300939524,-573.458808246291,1474.73379774559,-15.5467534062179,983.346601879048,444,0.000499999999999945,0.00499999999999945,-0.737366898872714,0.00777337670310807,1.04351518215534,3.54727645587472,0.000353702979879665,0.0279572818148187,0.00939150433004558,0.271674373407405,-0.00454746639559588,5490.20284912486,4956.54152017678,-533.661328948087,1537.72337934311,-9.47727010138424
37800,37.8,decompression,3,0.982,0.018,1.964,0.982,5213.84928716904,1.0183299389002,5488.78784324891,4530.22827233999,-958.559570908922,1506.93546615986,-3.14174626779708,906.045654467999,387,0.000499999999999945,0.00499999999999945,-0.753467733079849,0.00157087313389837,1.0396825747368,3.58950416038439,0.000192107936887481,0.0196937580838025,0.00203966230534384,0.370850978950822,-0.00534675429604992,5488.80444545902,4942.23412255522,-546.570322903793,1540.39444201123,-9.1805034253377
37900,37.9,decompression,3,0.98225,0.01775,1.9645,0.98225,5212.52227029779,1.01807075591754,5487.39789119133,5194.78605614847,-292.611835042856,1514.39229029056,-9.75552508643204,1038.9572112297,475,0.000499999999999945,0.00499999999999945,-0.757196145145195,0.00487776254321548,1.03421248269459,3.53345764036896,0.000247807436713887,0.0298248572592024,0.00687851157950265,0.497530971843591,-0.00163704092648343,5487.40187304425,4935.20064491459,-552.201228129661,1543.06023612828,-8.56387675992328
38000,38,decompression,3,0.9825,0.0175000000000001,1.965,0.9825,5211.19592875318,1.01781170483461,5486.00971969002,4984.29701789111,-501.712701798905,1507.09150037809,-12.8870766401371,996.859403578223,439,0.000499999999999945,0.00499999999999945,-0.753545750188964,0.00644353832006783,1.03799481577563,3.61611959693463,0.000163575303396586,0.0267883572408376,0.00063667102230843,0.471257515080924,-0.00804594009934275,5486.00811643466,4942.53220411257,-543.475912322094,1547.20324662949,-8.94344644345085
38100,38.1,decompression,3,0.98275,0.01725,1.9655,0.98275,5209.87026201984,1.01755278555075,5484.57366415929,4123.57876526942,-1360.99489888987,1565.34981789587,-9.52957253811385,824.715753053885,388,0.000500000000000167,0.00500000000000167,-0.782674908948198,0.00476478626905852,1.03743669157099,3.48157015211103,0.000151382460439598,0.0169184198020659,0.00376878233576109,0.292096427426215,-0.0018021253321742,5484.61171136432,4884.79434230277,-599.817369061546,1550.84841621058,-9.21647477500945
38200,38.2,decompression,3,0.983,0.017,1.966,0.983,5208.54526958291,1.01729399796541,5483.27122691202,5451.46307794287,-31.8081489691458,1592.81507922709,-14.2457657147543,1090.29261558858,494,0.000499999999999945,0.00499999999999945,-0.796407539613457,0.00712288285737639,1.04728110953368,3.75679423650281,0.000295442341705149,0.0148066434895437,0.00419574915953317,0.318111243553265,-0.000631592874503732,5483.21404034411,4882.5548588823,-600.659181461813,1553.34944518335,-9.8612397392291
38300,38.3,decompression,3,0.98325,0.01675,1.9665,0.98325,5207.22095092804,1.01703534197813,5481.78945952182,5117.19725319796,-364.59220632387,1566.92841998447,-9.5719863510581,1023.43945063959,459,0.000499999999999945,0.00499999999999945,-0.783464209992147,0.00478599317552852,1.03406659710288,3.48550254401635,0.000190683149535069,0.0156924468999456,0.00123213976700769,0.351226206734416,0.00390119147818259,5481.81393909698,4882.90002578109,-598.913913315888,1553.81760469826,-9.43602186798439
38400,38.4,decompression,3,0.9835,0.0165,1.967,0.9835,5205.89730554143,1.01677681748856,5480.39098157911,5374.53513860818,-105.855842970926,1538.33823858982,-14.3816247001546,1074.90702772164,466,0.000500000000000167,0.00500000000000167,-0.769169119295166,0.00719081235007968,1.04111938404489,3.4849410454152,0.000140322773615771,0.0191883774885418,0.00313899275838337,0.342164484982485,0.00397918171771519,5480.41861788378,4857.66432576525,-622.754292118526,1552.65761769965,-9.70051060683951
38500,38.5,decompression,3,0.98375,0.01625,1.9675,0.98375,5204.57433290978,1.01651842439644,5478.96078505496,5271.27019503731,-207.690590017649,1548.57781589263,-7.0916756820133,1054.25403900746,468,0.000499999999999945,0.00499999999999945,-0.77428890794623,0.00354583784100626,1.04450352749587,3.33691914109519,0.000355794136432671,0.0293599340518517,0.0029828839039276,0.51447539564313,-0.00156156932927014,5479.02636980306,4903.31285152518,-575.713518277876,1555.50837493484,-9.15457211664745
38600,38.6,decompression,3,0.984,0.016,1.968,0.984,5203.25203252032,1.01626016260163,5477.55437190276,4067.83679738556,-1409.7175745172,1546.01201287233,-5.51675169095905,813.567359477113,377,0.000499999999999945,0.00499999999999945,-0.773006006436079,0.00275837584547922,1.04172847628797,3.352715988714,0.000340864299163373,0.0186180932266886,0.00153284436825988,0.355351385257104,0.0138027920618726,5477.63890099385,4894.54471701564,-583.094183978206,1554.92511316877,-9.48015603982204
38700,38.7,decompression,3,0.98425,0.01575,1.9685,0.98425,5201.93040386081,1.01600203200406,5476.23306851489,5276.63765776667,-199.595410748227,1501.91987863648,-3.82537930939717,1055.32753155333,447,0.000499999999999945,0.00499999999999945,-0.750959939318156,0.00191268965469837,1.03519480351305,3.47875857921273,0.000357119344613809,0.0196139762975427,0.00189912110486164,0.309898251878145,-0.00648364492579432,5476.2538604688,4855.34365876612,-620.91020170268,1552.37441442515,-9.57337320436958
38800,38.8,decompression,3,0.9845,0.0155000000000001,1.969,0.9845,5200.6094464195,1.01574403250381,5474.86226050733,4045.87073737182,-1428.99152313551,1608.31984769757,-6.11157329896739,809.174147474364,327,0.000499999999999945,0.00499999999999945,-0.804159923848695,0.00305578664948336,1.03859062330755,3.52402989385154,0.000377345202890833,0.0210247171155894,0.00117230318494731,0.358559797294507,0.00699303720996184,5474.86490776216,4840.92685774246,-633.938050019707,1554.23558217449,-9.30339337407221
38900,38.9,decompression,3,0.98475,0.01525,1.9695,0.98475,5199.2891596852,1.01548616400102,5473.39563379682,4886.72100076387,-586.674633032947,1559.33843163131,-8.17944225493365,977.344200152775,409,0.000500000000000167,0.00500000000000167,-0.779669215815916,0.00408972112746819,1.04252601697141,3.32987426524024,0.000390142623140693,0.0281247648680546,0.00270439652994012,0.492085246459313,-0.0116650039228958,5473.47823530766,4868.69591314369,-604.78232216397,1553.93038978973,-9.23825888657839
39000,39,decompression,3,0.985,0.015,1.97,0.985,5197.96954314721,1.01522842639594,5472.088348817,4852.74551156009,-619.342837256914,1581.1391448406,-8.60048795273422,970.549102312019,432,0.000499999999999945,0.00499999999999945,-0.790569572420215,0.00430024397636664,1.03917344417483,3.59984778978071,0.000365770018416275,0.0345530448610561,0.000161581716106261,0.611238974746098,-0.0055944907090038,5472.09094709335,4865.62351956955,-606.467427523806,1555.52869226971,-9.18040692238813
39100,39.1,decompression,3,0.98525,0.01475,1.9705,0.98525,5196.65059629536,1.01497081958894,5470.71643242248,4515.62441198699,-955.092020435495,1599.96002412597,-13.8886980572332,903.124882397398,406,0.000499999999999945,0.00499999999999945,-0.799980012062896,0.00694434902861585,1.04408981302108,3.62530786869986,0.000300301286795258,0.0192901105655242,0.00565769547568969,0.405961802214715,0.00496025184074737,5470.70252866573,4852.22090873821,-618.48161992752,1556.46401001381,-8.90312247206671
39200,39.2,decompression,3,0.9855,0.0145,1.971,0.9855,5195.33231861999,1.01471334348047,5469.25237800072,4895.83581715382,-573.416560846891,1617.38462048011,-13.138406338233,979.167163430766,427,0.000500000000000167,0.00500000000000167,-0.808692310240325,0.00656920316911869,1.04355252092838,3.44938237189701,0.000261480302287202,0.0261812181301776,0.00572519334526554,0.414682011044879,-0.00414343932898864,5469.31597475252,4873.13910343123,-596.17687132129,1554.96060240474,-8.57236260560226
39300,39.3,decompression,3,0.98575,0.01425,1.9715,0.98575,5194.01470961197,1.01445599797109,5467.81620912054,4807.24480895836,-660.571400162186,1582.6665736571,-5.10071894672682,961.448961791672,417,0.000499999999999945,0.00499999999999945,-0.791333286828463,0.00255035947336313,1.04146342354388,3.29145248958476,0.000396304950584821,0.0121104501201979,0.00813709067723797,0.171087404248481,-0.00319941499331134,5467.92768378365,4888.15142597361,-579.776257810042,1549.55282399083,-8.59621851893509
39400,39.4,decompression,3,0.986,0.014,1.972,0.986,5192.69776876268,1.01419878296146,5466.53216389385,4732.52122990316,-734.010933990689,1530.81307261547,-12.250794329824,946.504245980633,407,0.000499999999999945,0.00499999999999945,-0.76540653630765,0.00612539716491134,1.04237165180224,3.57584853696231,0.000468964525290359,0.0242946467733061,0.00661710765774931,0.335807843371304,0.0054736848552968,5466.54221076886,4921.06073012679,-545.481480642065,1547.48391748011,-8.50743146813062
39500,39.5,decompression,3,0.98625,0.01375,1.9725,0.98625,5191.38149556401,1.01394169835234,5465.21152599095,5076.25396195945,-388.957564031507,1587.18072570324,-5.98414776663846,1015.25079239189,452,0.000499999999999945,0.00499999999999945,-0.793590362851531,0.0029920738833189,1.04453071366679,3.73327974987173,0.000338768256254692,0.0252010840718962,0.00401453387631194,0.296468501491365,-0.00700011656477847,5465.15861807468,4913.39139069414,-551.767227380548,1545.92249262235,-8.23180014922068
39600,39.6,decompression,3,0.9865,0.0135000000000001,1.973,0.9865,5190.06588950836,1.0136847440446,5463.82028748698,5498.20556810119,34.3852806142058,1554.67848401016,-8.6646262578119,1099.64111362024,494,0.000499999999999945,0.00499999999999945,-0.777339242004995,0.00433231312890547,1.04384733484358,3.70116605098803,0.000458561043215653,0.0175241951155909,0.00632829793521983,0.476382539667914,0.00835950254205383,5463.77655589975,4880.37370553835,-583.402850361402,1544.41458113393,-7.99560816579596
39700,39.7,decompression,3,0.98675,0.01325,1.9735,0.98675,5188.75095008867,1.01342791993919,5462.47500039151,4342.630545347,-1119.8444550445,1515.28746049377,-13.628084701624,868.526109069402,411,0.000500000000000167,0.00500000000000167,-0.757643730247137,0.00681404235081429,1.04605296524004,3.55444100817924,0.000442042220407208,0.0308914825516488,0.00387995342549588,0.623112334485704,0.00499022773921742,5462.39629102051,4896.60611432084,-565.790176699671,1545.01597104308,-8.33855934034107
39800,39.8,decompression,3,0.987,0.013,1.974,0.987,5187.43667679838,1.01317122593718,5461.02381080219,4613.98018789835,-847.043622903837,1513.81832048185,-9.87717696997301,922.796037579672,407,0.000499999999999945,0.00499999999999945,-0.756909160240844,0.00493858848498596,1.04305694329423,3.63285723135456,0.000503399277553366,0.0163870809716768,0.00299525755148359,0.413619825804697,0.00349084014609495,5461.01338062719,4900.57817239921,-560.435208227981,1549.19780503463,-8.8134343651724
39900,39.9,decompression,3,0.98725,0.01275,1.9745,0.98725,5186.12306913143,1.01291466193973,5459.6677217043,5113.37843576585,-346.289285938454,1500.52642607984,-1.7739220304269,1022.67568715317,480,0.000499999999999945,0.00499999999999945,-0.750263213039837,0.00088696101521335,1.03808555260975,3.72855905704585,0.00048498752068387,0.032388434865312,0.0010727928687316,0.374783328809778,-0.00878188798555512,5459.6321586441,4924.88683776614,-534.745320877968,1542.88232152675,-9.01267354637542
40000,40,decompression,3,0.9875,0.0125,1.975,0.9875,5184.81012658228,1.0126582278481,5458.26483869085,5130.26579109143,-327.999047599421,1547.95664237012,-8.54063383843665,1026.05315821829,425,0.000500000000000167,0.00500000000000167,-0.77397832118532,0.00427031691921975,1.04691318632144,3.69957949691742,0.00030613957360594,0.0283725437085148,0.00311852620063865,0.468393365869307,0.00362906648915216,5458.25451374088,4917.76392563209,-540.490588108789,1542.10004452886,-8.82922307045094
40100,40.1,decompression,3,0.98775,0.01225,1.9755,0.98775,5183.49784864591,1.01240192356365,5456.85293270988,4702.842190433,-754.010742276886,1526.73317300419,-7.06410318338724,940.5684380866,375,0.000499999999999945,0.00499999999999945,-0.76336658650201,0.00353205159169323,1.0477228025353,3.56159114818775,0.000241174350086493,0.0278790374317512,0.00485278826323214,0.509540187643818,0.00140637624292899,5456.87166783281,4900.93159314264,-555.940074690172,1538.92602992306,-8.54617477550596
40200,40.2,decompression,3,0.988,0.012,1.976,0.988,5182.18623481781,1.01214574898785,5455.45603198187,4562.86085382283,-892.595178159043,1533.77825810535,-2.58361534236046,912.572170764567,403,0.000499999999999945,0.00499999999999945,-0.766889129052589,0.00129180767118009,1.04434387358179,3.57146771015736,0.000404611774923783,0.028312125018535,0.00039971788510065,0.343480151893298,0.00666347003432508,5455.4885104331,4927.19199061014,-528.296519822968,1532.58970480288,-8.10103500639582
40300,40.3,decompression,3,0.98825,0.01175,1.9765,0.98825,5180.87528459398,1.01188970402226,5454.11711656592,5766.72185133298,312.604734767056,1479.25173253498,-14.7467398947437,1153.3443702666,516,0.000499999999999945,0.00499999999999945,-0.739625866267411,0.00737336994737103,1.04785165009673,3.60907748782311,0.000290698122140834,0.0226673121530676,0.00488266492633231,0.361830723789153,0.010373654999076,5454.10937651116,4918.94229120299,-535.167085308174,1531.37950734329,-7.63024817331835
40400,40.4,decompression,3,0.9885,0.0115000000000001,1.977,0.9885,5179.56499747092,1.01163378856854,5452.69452621108,5808.29264041474,355.598114203667,1523.48138325946,-7.70745828416426,1161.65852808295,534,0.000499999999999945,0.00499999999999945,-0.761740691629649,0.00385372914208171,1.05123975900963,3.55278893232509,0.00020381311838311,0.0219486506148639,0.00249509207618586,0.466259072914691,-0.0011611400315393,5452.73191449375,4894.33610939801,-558.395805095735,1527.24949412383,-7.92075769159791
40500,40.5,decompression,3,0.98875,0.01125,1.9775,0.98875,5178.25537294564,1.01137800252845,5451.33553500144,5213.47901052236,-237.856524479075,1505.54831657676,-8.59336700304582,1042.69580210447,496,0.000500000000000167,0.00500000000000167,-0.752774158288632,0.00429668350152435,1.04959936477191,3.60799286646493,0.000218590259897625,0.0280506061070911,0.001697111362972,0.609994714286434,0.0050662162499291,5451.35081132904,4921.75145645226,-529.59935487678,1525.147617119,-8.33762138753817
40600,40.6,decompression,3,0.989,0.011,1.978,0.989,5176.94641051567,1.01112234580384,5449.93747938147,4577.89880676587,-872.038672615593,1516.91167463576,-2.13164403009426,915.579761353175,428,0.000499999999999945,0.00499999999999945,-0.758455837317797,0.00106582201504701,1.04884963122493,3.66503551454775,0.000166680178543728,0.022353203535457,0.00234032694778645,0.428126112577135,-0.00566417035706552,5449.96972616751,4920.83281548472,-529.136910682796,1522.73914564727,-8.56659462019269
40700,40.7,decompression,3,0.98925,0.01075,1.9785,0.98925,5175.63810967905,1.01086681829669,5448.56880943856,4408.71738181772,-1039.85142762084,1558.64120096454,-12.7187263564062,881.743476363545,382,0.000499999999999945,0.00499999999999945,-0.779320600482183,0.0063593631782024,1.04952872706688,3.58568582800318,0.000167087787443024,0.0235828093992583,0.00201521024963835,0.510751315737202,0.00694722444359263,5448.59181003212,4915.79558460453,-532.796225427585,1520.83078610765,-8.1808607113086
40800,40.8,decompression,3,0.9895,0.0105,1.979,0.9895,5174.33046993431,1.01061141990904,5447.19195025523,5360.05087741248,-87.1410728427536,1589.738392459,-13.7977548308553,1072.0101754825,507,0.000500000000000167,0.00500000000000167,-0.794869196229765,0.00689887741542994,1.0434785639841,3.60582264499551,0.000213823653493066,0.0310755273148097,0.00074698985022596,0.569828703790836,-0.00941197816620652,5447.20966414882,4916.91951276714,-530.290151381681,1523.74539252422,-8.35590220116105
40900,40.9,decompression,3,0.98975,0.01025,1.9795,0.98975,5173.0234907805,1.01035615054307,5445.85659886256,4556.35271007733,-889.503888785228,1475.69469403218,-10.2955961042308,911.270542015468,419,0.000499999999999945,0.00499999999999945,-0.737847347016007,0.00514779805211485,1.04642813443117,3.69163649878193,0.000194006361891744,0.0310941015537869,0.00134441108347751,0.483034494301778,0.0083547543544122,5445.83001777625,4908.11807998641,-537.711937789841,1525.60699753165,-8.26885904701629
41000,41,decompression,3,0.99,0.01,1.98,0.99,5171.71717171717,1.01010101010101,5444.46509082901,4737.13984594881,-707.325244880195,1542.91061467552,-4.32698226051945,947.427969189763,402,0.000499999999999945,0.00499999999999945,-0.771455307337675,0.00216349113025949,1.04131659599609,3.65434090314508,0.00023271985745233,0.0259325967106939,0.00612775032721756,0.60264254831543,0.00217006324146447,5444.45268721689,4880.71940617455,-563.733281042343,1526.36225961272,-8.51430130599375
41100,41.1,decompression,3,0.99025,0.00975000000000004,1.9805,0.99025,5170.41151224438,1.00984599848523,5443.04858474766,4499.26652928172,-943.782055465946,1514.48483811899,-2.65647375888974,899.853305856344,384,0.000499999999999945,0.00499999999999945,-0.75724241905941,0.00132823687944472,1.04540422948478,3.5367790802128,0.000300788536733989,0.0235346067642927,0.000849813667973522,0.318818128789439,0.014609326431314,5443.07655351982,4876.15606300529,-566.920490514528,1523.2912224865,-8.79086792894639
41200,41.2,decompression,3,0.9905,0.00950000000000006,1.981,0.9905,5169.1065118627,1.00959111559818,5441.67012702861,5067.0927588044,-374.57736822421,1466.89719660216,-4.54076290592026,1013.41855176088,460,0.000499999999999945,0.00499999999999945,-0.733448598301002,0.00227038145295988,1.04671942458947,3.4911125630081,0.000167749941375624,0.018082005233664,0.00304251248360905,0.3081173356331,0.00731490121645527,5441.70159912165,4875.16018903291,-566.541410088742,1523.24786092813,-9.19937317496172
41300,41.3,decompression,3,0.99075,0.00924999999999998,1.9815,0.99075,5167.80217007318,1.00933636134242,5440.29056563998,4722.59212960376,-717.698436036222,1591.97047382869,-3.25188284360614,944.518425920752,420,0.000500000000000167,0.00500000000000167,-0.795985236914609,0.00162594142180361,1.03593880209674,3.50900435251771,0.000196983905487653,0.028328864935546,0.00689991333334815,0.576611169296861,-0.00300002764736005,5440.3288317104,4859.57315488275,-580.755676827647,1525.49534331155,-9.43027095568656
41400,41.4,decompression,3,0.991,0.00900000000000001,1.982,0.991,5166.4984863774,1.00908173562059,5438.8895067548,4290.51499105382,-1148.37451570098,1495.9362960485,-11.2014188305975,858.102998210764,393,0.000499999999999945,0.00499999999999945,-0.747968148024167,0.00560070941529811,1.03871554975831,3.38640079905199,0.000208049546667884,0.025232087288148,0.00564353113806142,0.365505263066665,0.0138700894131759,5438.95745515722,4819.81885697854,-619.138598178683,1529.768937866,-9.41042587448632
41500,41.5,decompression,3,0.99125,0.00875000000000004,1.9825,0.99125,5165.19546027743,1.00882723833544,5437.52899743503,5308.24351804242,-129.285479392614,1486.6736555139,-21.0049319445696,1061.64870360848,475,0.000499999999999945,0.00499999999999945,-0.743336827756869,0.0105024659722837,1.04609555236047,3.46297158685287,0.000281035683871094,0.0233967600674127,0.00475438514209628,0.351088459528994,-0.011569379949835,5437.58612389539,4755.13131137021,-682.454812525181,1533.53732216358,-9.65835972817439
41600,41.6,decompression,3,0.9915,0.00849999999999995,1.983,0.9915,5163.89309127584,1.00857286938981,5436.20873759886,5056.96250164101,-379.246235957854,1536.60282479704,-10.7925856523833,1011.3925003282,441,0.000500000000000167,0.00500000000000167,-0.768301412398776,0.00539629282619347,1.04623182559732,3.65755257000475,0.000272986410337324,0.0237128149991914,0.00578678534720938,0.458045219621447,0.00224161213073148,5436.21507485088,4774.15355272667,-662.061522124204,1533.78309597489,-9.35785481213534
41700,41.7,decompression,3,0.99175,0.00824999999999998,1.9835,0.99175,5162.59137887572,1.00831862868666,5434.88404864366,5392.4237196173,-42.4603290263649,1514.60293367799,-0.56421417124592,1078.48474392346,441,0.000499999999999945,0.00499999999999945,-0.757301466838912,0.000282107085622929,1.0348967204148,3.69534535590558,0.000133638150906729,0.0206675777810012,0.00533380691933116,0.430197874696029,-0.00604550574291329,5434.84715198583,4804.30503090346,-630.542121082376,1533.83159183981,-10.1471450518431
41800,41.8,decompression,3,0.992,0.00800000000000001,1.984,0.992,5161.29032258064,1.00806451612903,5433.44993684233,4366.23303676182,-1067.21690008051,1576.49419524181,-17.3039559885254,873.246607352365,378,0.000499999999999945,0.00499999999999945,-0.788247097620816,0.00865197799426176,1.03769768123792,3.49895147839191,0.000266207564469934,0.0227388209326206,0.00294953177313219,0.432371766109961,0.0017416113121504,5433.48007490298,4832.5690771648,-600.910997738186,1532.07895815457,-9.51151992907991
41900,41.9,decompression,3,0.99225,0.00775000000000003,1.9845,0.99225,5159.98992189468,1.00781053162006,5432.05123697809,4429.15009950289,-1002.9011374752,1552.91202563782,-8.04927073293315,885.830019900578,427,0.000499999999999945,0.00499999999999945,-0.776456012818825,0.00402463536646613,1.03841723071014,3.45448459201622,0.000207143706422276,0.0310039851498865,0.00556525238843328,0.616927331406064,0.00195720358239944,5432.11051466298,4800.53350230543,-631.577012357557,1528.67941004192,-9.44324147833129
42000,42,decompression,3,0.9925,0.00750000000000006,1.985,0.9925,5158.69017632242,1.00755667506297,5430.7437799579,4538.0062857169,-892.737494240993,1516.38692978246,-6.92820946895344,907.601257143381,395,0.000499999999999945,0.00499999999999945,-0.758193464891145,0.00346410473447634,1.03461908631522,3.66076141919922,0.000190097728718623,0.0165021476609329,0.00167546961964143,0.327589043890108,0.00115447979815562,5430.73922720879,4791.34662494974,-639.39260225906,1531.26214866003,-9.20224395971836
42100,42.1,decompression,3,0.99275,0.00724999999999998,1.9855,0.99275,5157.39108536892,1.00730294636112,5429.3660310522,5034.43558453688,-394.930446515317,1483.46486271947,-14.3485329204421,1006.88711690738,413,0.000500000000000167,0.00500000000000167,-0.74173243135998,0.00717426646022346,1.03908580748365,3.62584763016622,0.00035411659470888,0.0171214660611215,0.00180943912213482,0.435487303856875,0.00611484454086652,5429.37179382976,4797.6936174301,-631.678176399656,1530.28308552101,-9.56957269132308
42200,42.2,decompression,3,0.993,0.00700000000000001,1.986,0.993,5156.09264853978,1.00704934541793,5427.9788903484,4681.92883701302,-746.050053335375,1525.82258027829,-15.6427133497092,936.385767402605,370,0.000499999999999945,0.00499999999999945,-0.762911290139062,0.00782135667485373,1.0411039559395,3.57037166357327,0.000204879753737946,0.0282524936043816,0.000357290711255672,0.500870080039374,-0.00936767180988678,5428.00619202221,4805.87097728004,-622.135214742164,1533.05217258351,-9.50709626024645
42300,42.3,decompression,3,0.99325,0.00675000000000003,1.9865,0.99325,5154.79486534105,1.00679587213692,5426.62791634559,4235.53313666954,-1191.09477967605,1580.97538815725,-7.43246873758212,847.106627333909,373,0.000499999999999945,0.00499999999999945,-0.790487694078539,0.00371623436879065,1.04060429152841,3.56982351408611,0.000416147305268092,0.0279220237174742,0.000442477213565771,0.385465810953955,0.000657593175892679,5426.64077435604,4789.18997039495,-637.450803961088,1537.11056999518,-9.5414390641748
42400,42.4,decompression,3,0.9935,0.00649999999999995,1.987,0.9935,5153.49773527931,1.00654252642174,5425.31820894915,4931.88159534445,-493.436613604702,1568.99721817832,-14.3299931895387,986.376319068891,472,0.000500000000000167,0.00500000000000167,-0.784498609089422,0.00716499659477177,1.03939908820481,3.6655694260539,0.00025831755365814,0.0326408561705113,0.00167927987018875,0.492494724971505,-0.00177463861374837,5425.27906796468,4777.05251536379,-648.22655260089,1534.85317955574,-9.95085277854983
42500,42.5,decompression,3,0.99375,0.00624999999999998,1.9875,0.99375,5152.20125786163,1.0062893081761,5423.89656971271,4449.85418263993,-974.04238707278,1602.61745350877,-12.9140692116137,889.970836527987,389,0.000499999999999945,0.00499999999999945,-0.801308726754298,0.00645703460580616,1.03973475045282,3.55719276287503,0.000432675588396262,0.016108308591102,0.00633514286559082,0.303446549975559,0.00411482604023708,5423.91630161623,4788.46396936804,-635.452332248188,1536.83935826378,-10.4256501126836
42600,42.6,decompression,3,0.994,0.00600000000000001,1.988,0.994,5150.90543259557,1.00603621730382,5422.5435050666,5612.94607900803,190.40257394143,1510.70956661428,-2.28276376622574,1122.58921580161,483,0.000499999999999945,0.00499999999999945,-0.755354783307055,0.00114138188311275,1.03332143023338,3.58022400331241,0.00035961756663197,0.0253492827312063,0.00661311093798616,0.266274128587057,0.00586212867271773,5422.55693077911,4780.98654957055,-641.570381208567,1542.48198197599,-9.60961904995315
42700,42.7,decompression,3,0.99425,0.00575000000000003,1.9885,0.99425,5149.61025898919,1.00578325370883,5421.21109921555,5211.07984847835,-210.131250737205,1517.93008779897,-18.7067390639573,1042.21596969567,470,0.000499999999999945,0.00499999999999945,-0.7589650438994,0.00935336953197763,1.04073182177025,3.71119847612042,0.000581475185176941,0.0225639777176816,0.000216002068797291,0.419070096803567,-0.00363874473010293,5421.1909315905,4752.63805320565,-668.552878384855,1542.81344703225,-9.27703104986129
42800,42.8,decompression,3,0.9945,0.00550000000000006,1.989,0.9945,5148.31573655103,1.00553041729512,5419.8601906987,5002.26235330585,-417.597837392844,1521.83589357452,0.629401221620876,1000.45247066117,448,0.000499999999999945,0.00499999999999945,-0.760917946787178,-0.000314700610810403,1.03414321922124,3.77550038155414,0.000283978581976904,0.0195057181255279,0.00657314630915449,0.438170810643739,-0.00577009475589481,5419.82815229131,4729.99641649371,-689.831735797601,1546.24304833661,-9.70438913465391
42900,42.9,decompression,3,0.99475,0.00524999999999998,1.9895,0.99475,5147.02186479015,1.00527770796683,5418.43118521528,4687.30380536575,-731.127379849538,1518.34788209344,-12.3639073651341,937.46076107315,414,0.000500000000000167,0.00500000000000167,-0.759173941046972,0.00618195368256913,1.03868283949793,3.54120282062885,0.00024751416879907,0.0216368805803972,0.00288703122081409,0.534228662864267,-0.00142861933573053,5418.4673865463,4726.66746110522,-691.799925441082,1547.06440242881,-9.12237196204846
43000,43,decompression,3,0.995,0.005,1.99,0.995,5145.72864321608,1.00502512562814,5417.05956232457,4363.42828560778,-1053.63127671679,1529.9322050125,-5.2346482133593,872.685657121557,407,0.000499999999999945,0.00499999999999945,-0.764966102506167,0.00261732410667936,1.03646762988988,3.57967736249644,0.000243913783883631,0.0195145721814123,0.00774796316236938,0.514077769201719,-0.0034107033406227,5417.11028455735,4771.46395381431,-645.64633074304,1545.89337323259,-9.40055410206427
43100,43.1,decompression,3,0.99525,0.00475000000000003,1.9905,0.99525,5144.43607133886,1.00477267018337,5415.74898986921,4870.4266880365,-545.322301832718,1522.35028875603,-12.0408856242187,974.0853376073,437,0.000499999999999945,0.00499999999999945,-0.761175144377929,0.00602044281210867,1.03934325250825,3.69534535590558,0.000245164344602794,0.014842426561912,0.00829442529646949,0.387184047682394,0.00441137440760262,5415.74919040027,4814.55797883107,-601.191211569199,1546.91787975764,-9.36608878352804
43200,43.2,decompression,3,0.9955,0.00449999999999995,1.991,0.9955,5143.14414866901,1.00452034153692,5414.37094678914,4670.99108613053,-743.379860658614,1572.63566643141,-1.34446870628046,934.198217226106,430,0.000500000000000167,0.00500000000000167,-0.786317833215969,0.000672234353140455,1.03562710953909,3.64039093834069,0.000178601295207731,0.0456393081298069,0.00650521468041898,0.741782847062432,0.0104485705735213,5414.38880930454,4802.86588133535,-611.52292796919,1549.36398972164,-9.44894802386019
43300,43.3,decompression,3,0.99575,0.00424999999999998,1.9915,0.99575,5141.85287471755,1.00426813959327,5412.99635603902,4716.7916142174,-696.204741821617,1552.1235422474,-5.26196178841567,943.358322843481,460,0.000499999999999945,0.00499999999999945,-0.776061771123613,0.00263098089420755,1.0305129614563,3.51457685777915,0.000162137447839125,0.0204337009857652,0.00189273413880702,0.385851386362781,-0.00982268837801788,5413.03095883688,4800.96617327627,-612.064785560604,1552.91868082572,-8.72589182269747
43400,43.4,decompression,3,0.996,0.004,1.992,0.996,5140.56224899598,1.00401606425703,5411.69473142138,4467.70557394932,-943.989157472066,1544.56527460049,-11.8495708454817,893.541114789864,410,0.000499999999999945,0.00499999999999945,-0.772282637300158,0.00592478542274022,1.0333559802583,3.65112641118465,0.000218012910092502,0.0291372860266563,0.00472149438877519,0.483910107114486,0.00151798942228606,5411.67119842091,4845.99366756149,-565.677530859416,1547.83771075999,-9.62822347714738
43500,43.5,decompression,3,0.99625,0.00375000000000003,1.9925,0.99625,5139.27227101631,1.00376411543287,5410.27141343737,4530.15552514313,-880.115888294237,1537.64604891717,-21.1721628474059,906.031105028628,409,0.000499999999999945,0.00499999999999945,-0.768823024458501,0.0105860814237018,1.03750162066245,3.565435284383,0.00031952664739428,0.0223971452184843,0.000728458262325479,0.388922383279294,0.012304191397714,5410.30574341845,4867.33519449841,-542.970548920035,1545.25857060425,-9.01964009428955
43600,43.6,decompression,3,0.9965,0.00350000000000006,1.993,0.9965,5137.98294029102,1.00351229302559,5408.98220985567,5151.21770229511,-257.764507560562,1605.16875347047,-3.86827962723089,1030.24354045902,473,0.000499999999999945,0.00499999999999945,-0.802584376735145,0.00193413981361523,1.04267396266151,3.77290785197455,0.000310280542983004,0.0275651203114568,0.00220614075290091,0.396510051995948,0.000512949600175047,5408.94661906919,4884.48562970257,-524.460989366624,1542.87983698195,-8.51903090703163
43700,43.7,decompression,3,0.99675,0.00324999999999998,1.9935,0.99675,5136.69425633308,1.00326059694006,5407.52275463806,4461.64407797814,-945.878676659912,1543.56359097841,-3.8082376504543,892.328815595629,389,0.000500000000000167,0.00500000000000167,-0.771781795489461,0.00190411882522779,1.03732716215905,3.49391419459855,0.000381145433791517,0.0109271137463234,0.00123968158472718,0.336767593841623,0.0158446764340388,5407.58999112971,4844.98988859503,-562.600102534683,1545.32492774775,-8.75394208898786
43800,43.8,decompression,3,0.997,0.003,1.994,0.997,5135.40621865597,1.00300902708124,5406.26568336053,4916.94934866649,-489.316334694034,1586.62456106955,-9.53873395189103,983.389869733299,409,0.000499999999999945,0.00499999999999945,-0.793312280534689,0.00476936697594499,1.0375943870109,3.7190996953606,0.000353187846529603,0.0323120451936077,0.00711949374935849,0.583369502636863,-0.00685315552378099,5406.23455656985,4860.78241022701,-545.452146342844,1544.76381756066,-8.35881579790417
43900,43.9,decompression,3,0.99725,0.00275000000000003,1.9945,0.99725,5134.11882677363,1.00275758335422,5404.8738561973,4296.32497360371,-1108.54888259359,1593.74263117809,-5.08159536381092,859.264994720742,381,0.000499999999999945,0.00499999999999945,-0.796871315588959,0.00254079768190518,1.03317194684084,3.6554117722972,0.000396512222246248,0.0237124331362601,0.00238555913868561,0.543608913246641,0.00526845788521519,5404.88042073613,4867.60312135933,-537.277299376798,1544.57901456088,-8.87460784745815
44000,44,decompression,3,0.9975,0.00249999999999995,1.995,0.9975,5132.8320802005,1.00250626566416,5403.55209520994,5369.87644639363,-33.6756488163146,1528.32041251708,-13.8910956732652,1073.97528927873,481,0.000500000000000167,0.00500000000000167,-0.764160206258796,0.00694554783663492,1.03825683010315,3.70539354071671,0.000335886829943015,0.0103423455967526,0.00288560262879214,0.337440838847148,0.00845766971487754,5403.5311682179,4863.62895840959,-539.902209808315,1546.84616033654,-9.0415846271138
44100,44.1,decompression,3,0.99775,0.00224999999999997,1.9955,0.99775,5131.54597845152,1.00225507391631,5402.16080265929,5442.98081106895,40.8200084096588,1537.90156680858,-6.20443777969261,1088.59616221379,502,0.000499999999999945,0.00499999999999945,-0.768950783404204,0.00310221888984596,1.03178431746411,3.57256342047925,0.000444479100825151,0.031851068612228,0.00202486964188726,0.53884241288186,-0.0112250615681625,5402.2458863211,4886.21697638911,-516.028909931989,1547.69185810274,-9.23193144780152
44200,44.2,decompression,3,0.998,0.002,1.996,0.998,5130.26052104208,1.00200400801603,5400.7980280418,4788.90153712667,-611.896490915131,1534.83317196339,-16.0885769674173,957.780307425334,426,0.000499999999999945,0.00499999999999945,-0.767416585981613,0.00804428848370775,1.04095695417918,3.52680537659559,0.000351218205529289,0.0106739743846447,0.000546652073292589,0.251280926605212,-0.000922256804155866,5401.02096540042,4947.47328293985,-453.547682460579,1549.02562491046,-9.08409175430588
44300,44.3,decompression,3,0.99825,0.00175000000000003,1.9965,0.99825,5128.9757074881,1.00175306786877,5399.46403052756,4642.03496777249,-757.429062755075,1600.47109346392,-0.458533125292033,928.406993554499,400,0.000499999999999945,0.00499999999999945,-0.800235546731873,0.000229266562645991,1.03252646418118,3.62044639429083,0.000406787828394026,0.0178756777997302,5.77894027285931e-05,0.214362810195271,0.0045674633084651,5399.86044151028,4922.15423490885,-477.706206601429,1547.71395593708,-9.51407081252951
44400,44.4,decompression,3,0.9985,0.00150000000000006,1.997,0.9985,5127.69153730596,1.00150225338007,5398.07294761021,5181.11051665912,-216.96243095109,1474.2750167771,-26.3814334810302,1036.22210333182,452,0.000499999999999945,0.00499999999999945,-0.737137508388471,0.0131907167405136,1.04573893117565,3.49223348535614,0.000467209844562094,0.0206664101900294,0.00185065682872207,0.391629158648762,0.00762005843354019,5398.76650640474,4947.08267154347,-451.683834861272,1547.45456850706,-9.7641948727715
44500,44.5,decompression,3,0.99875,0.00124999999999997,1.9975,0.99875,5126.40801001252,1.00125156445557,5396.64365389748,5380.05366101979,-16.5899928776935,1514.83527490769,-1.54974214952423,1076.01073220396,470,0.000500000000000167,0.00500000000000167,-0.757417637454097,0.000774871074762373,1.03788533368235,3.31101464870119,0.000480449429192556,0.0202235046744777,0.000160554298700621,0.423724064590652,-0.00919812564942697,5397.73154737563,4925.87539459587,-471.856152779756,1547.63514937622,-9.63385887447711
44600,44.6,decompression,3,0.999,0.001,1.998,0.999,5125.12512512513,1.001001001001,5395.35495837842,4810.01332192726,-585.341636451161,1552.66404744044,-2.40127627919744,962.002664385452,442,0.000499999999999945,0.00499999999999945,-0.776332023720132,0.00120063813959859,1.03550146264288,3.49895147839191,0.000411367240181474,0.0230814100597427,0.0061030662343023,0.580753052280404,-0.00184221293908796,5396.76740229048,4955.53060353197,-441.236798758511,1548.30108940682,-8.8646386096152
44700,44.7,decompression,3,0.99925,0.000750000000000028,1.9985,0.99925,5123.84288216162,1.00075056292219,5394.05431833752,4783.53551574971,-610.518802587808,1562.05647269619,-7.21589858730666,956.707103149943,417,0.000499999999999945,0.00499999999999945,-0.781028236348011,0.00360794929365293,1.03827683685483,3.51569029891521,0.000378518916700956,0.0445502350773123,0.00652822449255337,0.639328981679372,0.00974615157611174,5395.86261050738,4961.17564738028,-434.686963127098,1544.23911340228,-9.22152139407122
44800,44.8,decompression,3,0.9995,0.000499999999999945,1.999,0.9995,5122.56128064032,1.00050025012506,5392.74697345847,5542.72280274989,149.975829291425,1506.14677387004,-10.4090869511998,1108.54456054998,502,0.000500000000000167,0.00500000000000167,-0.753073386935271,0.00520454347560162,1.03556444684375,3.75939787825724,0.00054206132964441,0.0155027492622326,0.00428119161969402,0.361946518145748,-0.00473297764035377,5395.03041659773,4931.05257773749,-463.97783886024,1544.29107666565,-9.63792783588791
44900,44.9,decompression,3,0.99975,0.000249999999999972,1.9995,0.99975,5121.28032008002,1.00025006251563,5391.42333819056,5145.49728708467,-245.926051105886,1517.95503057905,-10.2022318190127,1029.09945741693,470,0.000499999999999945,0.00499999999999945,-0.75897751528944,0.00510111590950579,1.04157324231668,3.79978369968391,0.000311258596968428,0.022699604263081,0.0060606899842636,0.47609077324713,-0.00451692347606723,5394.25774766303,4863.77257736828,-530.485170294751,1540.76328629866,-9.64619399288764
45000,45,decompression,3,1,0,2,1,5120,1,5390.09688233246,4603.84638342107,-786.250498911395,1565.95794338236,-15.8704197379027,920.769276684214,440,0.000499999999999945,0.00499999999999945,-0.782978971691094,0.00793520986895047,1.04107901804555,3.79463005062879,0.000405279879988816,0.0305672599833174,0.00590989966243415,0.526164918986939,0.00541959831744471,5393.54868737653,4920.51370540365,-473.034981972871,1535.94698221871,-10.0611575046219
45100,45.1,hold_relaxed,4,1,0,2,1,5120,1,5390.06864249165,4837.7766631777,-552.291979313944,NaN,NaN,967.555332635541,426,0,0,-0.783676935922621,0.00289755744520837,1.03606494488367,3.77290785197455,0.000381747027071981,0.0451884895616336,0.00435117426003156,0.778790418648615,0.0208230736043817,5392.903117367,4904.39687428259,-488.506243084416,1536.70963918888,-9.67816368775756
45200,45.2,hold_relaxed,4,1,0,2,1,5120,1,5390.0256505351,6156.80912560199,766.783475066894,NaN,NaN,1231.3618251204,505,0,0,-0.743122434062853,0.00242342387348038,1.03731318723722,3.72908387358122,0.000410297025549038,0.0259769145538446,0.00653339845151455,0.369541541797989,-0.0178315764706233,5392.32333130605,4827.70213628383,-564.62119502222,1536.57720278669,-10.0641332330981
45300,45.3,hold_relaxed,4,1,0,2,1,5120,1,5389.9999450961,4139.29107747963,-1250.70886761647,NaN,NaN,827.858215495927,360,0,0,-0.769226847881066,0.00552271587761921,1.04011964189033,3.62152728590897,0.000346571367534074,0.0186278748163387,0.00254191249748166,0.295644766849591,0.0123640954559443,5391.80679071785,4834.05883404271,-557.747956675139,1536.7952066396,-9.31107776630821
45400,45.4,hold_relaxed,4,1,0,2,1,5120,1,5390.02371882267,5240.28878354436,-149.734935278311,NaN,NaN,1048.05775670887,447,0,0,-0.758513777234102,0.00783793036442026,1.04273843149089,3.66450152525162,0.000207627194442761,0.0331505389239635,0.00262999700618384,0.554438313547941,-0.00486157912123405,5391.35597141511,4835.88186406017,-555.47410735494,1527.69865137898,-10.5757270007391
45500,45.5,hold_relaxed,4,1,0,2,1,5120,1,5389.96059180997,4022.35275804974,-1367.60783376023,NaN,NaN,804.470551609948,345,0,0,-0.826714373418784,0.00323522085317962,1.03528513300886,3.48999128064,0.000261536502527305,0.0194675176231012,0.000893390024695223,0.280438032912402,0.00100611077476723,5390.97367592234,4791.53436689006,-599.439309032281,1536.60259047929,-7.94144258735725
45600,45.6,hold_relaxed,4,1,0,2,1,5120,1,5390.0243666493,5152.9149128012,-237.109453848101,NaN,NaN,1030.58298256024,438,0,0,-0.749226070458892,0.00572944270986686,1.04592469121865,3.68526977401122,0.000543638183818169,0.0151603607472148,0.00251394911194129,0.373053148788452,0.00165860484411358,5390.65860834042,4779.89795073037,-610.760657610052,1540.95605359362,-9.21978267492385
45700,45.7,hold_relaxed,4,1,0,2,1,5120,1,5389.98158241065,5269.76362310976,-120.217959300895,NaN,NaN,1053.95272462195,440,0,0,-0.779215817589347,-0.00210735700607256,1.03906219970294,3.59168424206753,0.000274896128843994,0.0180337150069094,0.000894305808722001,0.322647141737542,-0.0131372228292049,5390.40261401253,4796.50190725182,-593.900706760712,1538.02905513191,-10.9244092738555
45800,45.8,hold_relaxed,4,1,0,2,1,5120,1,5390.04668253532,3829.05961547944,-1560.98706705588,NaN,NaN,765.811923095889,323,0,0,-0.791654742749622,0.0068848126514085,1.03745928235033,3.75627329158781,0.00034108959749578,0.0158483337797069,0.000505622765857931,0.424981037668333,-0.00673635182031217,5390.20843717928,4823.00309311153,-567.205344067751,1530.01991594382,-12.160579502705
45900,45.9,hold_relaxed,4,1,0,2,1,5120,1,5390.03963573189,3504.06934091313,-1885.97029481876,NaN,NaN,700.813868182627,293,0,0,-0.769462855093439,0.00924411058123287,1.04376250855061,3.71962584655448,0.000362286612843665,0.0186370071755266,0.00317592397491112,0.242223179266269,0.0308083955771982,5390.08072137191,4840.60512794798,-549.475593423933,1541.9564869807,-13.0363257784577
46000,46,hold_relaxed,4,1,0,2,1,5120,1,5389.9835901807,5487.88866234657,97.9050721658678,NaN,NaN,1097.57773246931,461,0,0,-0.761675566302648,-0.00240720897106272,1.03511731362698,3.55444100817924,0.000267452880066799,0.0201481280471495,0.00474910840794195,0.340631545488548,0.00494143764637335,5390.01615700536,4805.72823188677,-584.287925118581,1565.95794338236,-15.8704197379027
46100,46.1,hold_relaxed,4,1,0,2,1,5120,1,5389.99512500995,5031.42299285119,-358.572132158759,NaN,NaN,1006.28459857024,473,0,0,-0.786665153148264,0.0067900157532701,1.04102418578079,3.59821656193933,0.000364168705611671,0.0227094464101546,0.00169447974174222,0.354739593978846,-0.0168063315349478,5390.01175092844,4795.79894201592,-594.212808912513,NaN,NaN
46200,46.2,hold_relaxed,4,1,0,2,1,5120,1,5389.98529537923,3832.39131309502,-1557.59398228421,NaN,NaN,766.478262619004,341,0,0,-0.776146594719013,0.00570112247230736,1.04394827392823,3.54286029922213,0.000280822138594433,0.0178289540780373,0.00159497882677223,0.315526313478477,-0.00516918232427785,5390.0120860085,4838.2715057034,-551.740580305104,NaN,NaN
46300,46.3,hold_relaxed,4,1,0,2,1,5120,1,5389.95067568962,4922.39219006318,-467.55848562644,NaN,NaN,984.478438012638,431,0,0,-0.791276541416964,-0.00221408421124591,1.03404048797747,3.47594473212995,0.000703607622617724,0.0157364854035741,0.00082934414903136,0.391410244783776,-0.00719430129219731,5390.01119311355,4834.94525037947,-555.065942734083,NaN,NaN
46400,46.4,hold_relaxed,4,1,0,2,1,5120,1,5389.99682517012,4680.31859813924,-709.678227030887,NaN,NaN,936.063719627848,405,0,0,-0.775243906483901,0.00789306464625827,1.03849342103895,3.58732275382595,0.000369807591909724,0.0123043667179841,0.00375222993183273,0.261977798599773,-0.00148234139847968,5390.01238183608,4875.03703745554,-514.975344380538,NaN,NaN
46500,46.5,hold_relaxed,4,1,0,2,1,5120,1,5390.04474226196,4249.81307608671,-1140.23166617525,NaN,NaN,849.962615217343,409,0,0,-0.779234609764818,0.00569844816580956,1.03833992870598,3.72330682305798,0.000542200293800756,0.0235064474932514,0.00262076821102251,0.572617938039375,-0.00397150594569327,5390.01020645751,4865.56865477671,-524.441551680795,NaN,NaN
46600,46.6,hold_relaxed,4,1,0,2,1,5120,1,5390.02723467722,5135.68892166634,-254.338313010876,NaN,NaN,1027.13778433327,428,0,0,-0.769240817666066,0.00340308567804115,1.03649224228369,3.65648232782529,0.000286589094117709,0.0212242657255623,0.00020320164624865,0.380013823185441,-0.00421603303471924,5390.00853128126,4881.97516738217,-508.033363899087,NaN,NaN
46700,46.7,hold_relaxed,4,1,0,2,1,5120,1,5389.9790774927,5158.69640887767,-231.282668615024,NaN,NaN,1031.73928177554,432,0,0,-0.747076705519266,0.00188083822174923,1.03227991423519,3.58950416038439,0.00028031689651231,0.0310851446852145,0.00437711839592585,0.463743049060122,0.00465516488309965,5390.00435661275,4887.38200781192,-502.622348800832,NaN,NaN
46800,46.8,hold_relaxed,4,1,0,2,1,5120,1,5389.97660483927,5340.06041880364,-49.9161860356289,NaN,NaN,1068.01208376073,462,0,0,-0.788159787188812,0.010035798696852,1.0418933435158,3.51513362243338,0.000311784259231505,0.0279652074277113,0.00164619104843903,0.434171643758145,0.00126524118108678,5390.00353614227,4857.34369006943,-532.659846072838,NaN,NaN
46900,46.9,hold_relaxed,4,1,0,2,1,5120,1,5390.06494150364,5912.36553431524,522.300592811605,NaN,NaN,1182.47310686305,494,0,0,-0.794709675466247,0.00525423568887118,1.03730420334062,3.80029868019718,0.000249805697571137,0.0159180151609241,0.00209579790250571,0.298298606603783,-0.0123931439033677,5390.00084577666,4878.12019466729,-511.88065110937,NaN,NaN
47000,47,hold_relaxed,4,1,0,2,1,5120,1,5390.06748649294,4413.08246979943,-976.985016693508,NaN,NaN,882.616493959887,416,0,0,-0.760890928288197,0.00660571828175605,1.04314737996868,3.78171520120351,0.000325027919126635,0.0226773340356617,0.00680128205928948,0.441149835474314,-0.00701350024968537,5390.00150552361,4897.95614665237,-492.045358871236,NaN,NaN
47100,47.1,hold_relaxed,4,1,0,2,1,5120,1,5390.00435471718,4395.33129613323,-994.67305858395,NaN,NaN,879.066259226647,403,0,0,-0.761331919253781,-0.000133867426572509,1.03716460681693,3.626387311293,0.000315673254583077,0.0226114589519515,0.00478558991291327,0.493214876490445,0.0182248260007298,5390.00160642539,4888.1961235881,-501.805482837289,NaN,NaN
47200,47.2,hold_relaxed,4,1,0,2,1,5120,1,5390.07567917303,5729.70050061467,339.624821441635,NaN,NaN,1145.94010012293,480,0,0,-0.799667600555671,0.00728486757140234,1.03412627356373,3.82391281250654,0.000457197138082073,0.0199932863448013,0.00430985020199097,0.325013839752884,0.00103116411740543,5390.00211709469,4881.98708322845,-508.015033866241,NaN,NaN
47300,47.3,hold_relaxed,4,1,0,2,1,5120,1,5390.00689974116,6086.9577637995,696.95086405834,NaN,NaN,1217.3915527599,513,0,0,-0.732953733460877,0.00836139762638299,1.04244525468549,3.65005428477446,0.000424315427132243,0.0280471314078874,0.00226775840065988,0.41562666698923,-0.00540164260132505,5390.00342621991,4901.34907974032,-488.654346479592,NaN,NaN
47400,47.4,hold_relaxed,4,1,0,2,1,5120,1,5390.02490826914,4981.2186060771,-408.80630219204,NaN,NaN,996.243721215421,426,0,0,-0.75800706626253,0.00350585527875769,1.04109308103952,3.6554117722972,0.000423386380051965,0.0288412893286425,0.00118281330423221,0.479048999716073,-0.00240597769810643,5390.00312421156,4888.9588160083,-501.044308203256,NaN,NaN
47500,47.5,hold_relaxed,4,1,0,2,1,5120,1,5389.97803587265,5041.45274728896,-348.525288583697,NaN,NaN,1008.29054945779,419,0,0,-0.804501630059535,0.00363764631177399,1.03820106490983,3.5835020970893,0.000354735897002561,0.0342915388156707,0.00117594689665175,0.646483863061728,0.00353771210259872,5390.0047695781,4903.25434936669,-486.750420211416,NaN,NaN
47600,47.6,hold_relaxed,4,1,0,2,1,5120,1,5389.92541310866,4366.88952276431,-1023.03589034435,NaN,NaN,873.377904552862,363,0,0,-0.791514233171967,0.000543071198166656,1.03850112713584,3.41115930847398,0.000365990304546445,0.0173665314169549,0.00438408217605178,0.223418609917838,0.0157259078759009,5390.00035122937,4888.75636560039,-501.243985628982,NaN,NaN
47700,47.7,hold_relaxed,4,1,0,2,1,5120,1,5389.93669861077,5266.45856182601,-123.478136784753,NaN,NaN,1053.2917123652,446,0,0,-0.76101439414427,0.00626172112042145,1.03821384946615,3.45505104026009,0.000530664414671298,0.0237696471764483,0.002532226292156,0.401207026781812,-0.01037546132807,5389.99757294204,4864.85963684669,-525.13793609535,NaN,NaN
47800,47.8,hold_relaxed,4,1,0,2,1,5120,1,5389.96435253054,4638.95895051752,-751.005402013021,NaN,NaN,927.791790103505,366,0,0,-0.78874739773204,0.00298334421496005,1.03803393381717,3.50398152065113,0.000289764408823305,0.0232110059070594,0.00362825544692132,0.315162401022018,-0.00851483104846705,5390.00071814504,4829.69438460137,-560.306333543666,NaN,NaN
47900,47.9,hold_relaxed,4,1,0,2,1,5120,1,5389.99018485745,4265.36621203441,-1124.62397282304,NaN,NaN,853.073242406882,374,0,0,-0.778094774483917,0.00518745551773447,1.03560501254558,3.48550254401635,0.000190474336506263,0.0183628661482582,0.00381771726710243,0.262624821226626,-0.00256403526335222,5390.00035837943,4819.44402420728,-570.556334172144,NaN,NaN
48000,48,hold_relaxed,4,1,0,2,1,5120,1,5390.05349041782,3920.62433259987,-1469.42915781795,NaN,NaN,784.124866519975,334,0,0,-0.794032639474639,0.00611245697730456,1.03971074667744,3.65326972009315,0.000210281692384747,0.021213142684655,0.00181337681787837,0.33887395441841,0.0060906057960914,5389.99836391477,4733.58567748363,-656.412686431142,NaN,NaN
48100,48.1,hold_relaxed,4,1,0,2,1,5120,1,5389.98570911805,5282.92817799679,-107.057531121259,NaN,NaN,1056.58563559936,434,0,0,-0.74225951039537,0.00587289344194897,1.03967949660423,3.51402000491061,0.00031003853433786,0.0334481081738093,0.00216427625889114,0.697273716664497,0.0157582649204128,5389.99598002086,4747.95791616094,-642.038063859918,NaN,NaN
48200,48.2,hold_relaxed,4,1,0,2,1,5120,1,5390.00584906533,4901.03314529857,-488.972703766756,NaN,NaN,980.206629059715,408,0,0,-0.786017225174722,0.00600237107123514,1.04226206371157,3.57584853696231,0.000300123542105153,0.0191423052566545,0.000126432827765074,0.369669268064796,-0.0116948656696089,5389.99588286222,4752.58630419829,-637.409578663934,NaN,NaN
48300,48.3,hold_relaxed,4,1,0,2,1,5120,1,5390.01278700885,4238.99323984427,-1151.01954716458,NaN,NaN,847.798647968855,387,0,0,-0.778704160947566,0.00515529226855382,1.0379299833763,3.56433738280674,0.000401844818459792,0.0270568704973855,0.00333271537844368,0.371598880048903,-0.0181520137418938,5389.99324936667,4720.71859047,-669.27465889667,NaN,NaN
48400,48.4,hold_relaxed,4,1,0,2,1,5120,1,5389.94433351429,4662.19665169092,-727.747681823371,NaN,NaN,932.439330338185,427,0,0,-0.782009203577093,0.00310114033137454,1.03569362454162,3.39563435620174,0.00028898866941734,0.0133904597675568,0.00161766062343136,0.158720629854101,-0.00621704096639507,5389.99340331713,4709.02055344367,-680.972849873452,NaN,NaN
48500,48.5,hold_relaxed,4,1,0,2,1,5120,1,5390.03137786755,4980.5247986653,-409.506579202254,NaN,NaN,996.10495973306,419,0,0,-0.766088390845238,0.00395772314582876,1.03697106179989,3.63824004247296,0.000164183413841171,0.0272068191635688,0.00273400572888941,0.486959586890627,-0.00462246872424399,5389.99225425393,4694.04515055666,-695.947103697266,NaN,NaN
48600,48.6,hold_relaxed,4,1,0,2,1,5120,1,5389.95195693857,3945.35541699444,-1444.59653994413,NaN,NaN,789.071083398889,344,0,0,-0.733969870213004,0.00803693440080222,1.03935221215809,3.40943780480215,0.000293555229716264,0.0299505982309071,0.00793402671815785,0.417254183023502,0.013391794588414,5389.99426559073,4656.66558776159,-733.328677829133,NaN,NaN
48700,48.7,hold_relaxed,4,1,0,2,1,5120,1,5389.96889064319,4633.85761783857,-756.111272804614,NaN,NaN,926.771523567715,404,0,0,-0.756164807540188,0.0049825711882947,1.04131812299963,3.50342298370318,0.000280355223081146,0.0290831593049071,0.00462753770306587,0.534664965856748,-0.00596085006816738,5389.99849893629,4702.65786769519,-687.340631241097,NaN,NaN
48800,48.8,hold_relaxed,4,1,0,2,1,5120,1,5390.04512675565,4420.22611172599,-969.819015029663,NaN,NaN,884.045222345199,404,0,0,-0.762198266271897,0.00637753581740186,1.04262671114112,3.69216656361327,0.000189941117056918,0.0389526574997945,0.00388194903537343,0.61421485308524,0.00829535013761367,5390.00229600331,4668.34040856083,-721.661887442476,NaN,NaN
48900,48.9,hold_relaxed,4,1,0,2,1,5120,1,5389.96904976154,5124.80285052788,-265.166199233662,NaN,NaN,1024.96057010558,475,0,0,-0.791967747378995,0.00371589562369445,1.03947565113239,3.53179574909241,0.000268627154034167,0.0279158032238646,0.0027169735495605,0.415202970717527,-0.00845788770521862,5390.00292193603,4656.60913007895,-733.393791857085,NaN,NaN
49000,49,hold_relaxed,4,1,0,2,1,5120,1,5390.02305774584,4109.34025311848,-1280.68280462736,NaN,NaN,821.868050623698,330,0,0,-0.768880443094407,0.0058995060651581,1.03719686418892,3.67729586685215,0.000339722372602597,0.0336296741117285,0.00601148164440386,0.613626781357188,-0.00178122735399549,5390.00435339407,4733.45104143491,-656.553311959158,NaN,NaN
49100,49.1,hold_relaxed,4,1,0,2,1,5120,1,5390.01742472078,4714.89948202298,-675.117942697793,NaN,NaN,942.979896404598,414,0,0,-0.763499634661452,0.00812113102482037,1.04338455676817,3.48325600653254,0.000400794962159937,0.0231297616931728,0.00294891424759033,0.325934077804387,0.00678409626266361,5390.00189654288,4774.09237687667,-615.909519666219,NaN,NaN
49200,49.2,hold_relaxed,4,1,0,2,1,5120,1,5390.00231438574,4492.52744491745,-897.474869468288,NaN,NaN,898.505488983491,395,0,0,-0.767877340935272,0.0049216148085014,1.03780322081405,3.66823781792367,0.000291679437025418,0.0189375162051003,0.000678877687162157,0.403683847926586,0.00579236505959561,5390.00274851261,4747.31154523876,-642.691203273848,NaN,NaN
49300,49.3,hold_relaxed,4,1,0,2,1,5120,1,5390.02037576656,5060.47851232075,-329.541863445815,NaN,NaN,1012.09570246415,458,0,0,-0.7553017826945,0.00493847981297524,1.04318834766325,3.63447291176859,0.000247086795198934,0.0235070913318954,0.00154649687877132,0.516049688640834,0.00253021871882467,5390.00257625968,4738.77145634655,-651.231119913131,NaN,NaN
49400,49.4,hold_relaxed,4,1,0,2,1,5120,1,5390.01013270065,5841.29898624656,451.288853545911,NaN,NaN,1168.25979724931,520,0,0,-0.755747514475956,0.00238927196208327,1.03723995687583,3.63231851151303,0.000369949152202162,0.0295103666594537,0.00391514413452845,0.617154410690052,0.000260827325439332,5390.00197562738,4768.17017496433,-621.831800663045,NaN,NaN
49500,49.5,hold_relaxed,4,1,0,2,1,5120,1,5390.00077794196,4666.73514544983,-723.265632492132,NaN,NaN,933.347029089966,428,0,0,-0.774055464572741,0.00268960116278816,1.03288292968124,3.66343331315335,0.000274694470771662,0.0257316720234169,0.00422633834666298,0.448496756117382,-0.00542634058112634,5390.00557825945,4774.79352016892,-615.212058090525,NaN,NaN
49600,49.6,hold_relaxed,4,1,0,2,1,5120,1,5390.02027394545,4256.48192859255,-1133.5383453529,NaN,NaN,851.296385718511,407,0,0,-0.72064900088027,0.00787592697947814,1.03866513539785,3.62800587299434,0.000279828587316068,0.0193291931557397,0.00279059527032201,0.402378870756521,0.00143324655147957,5390.00385828557,4761.0781016025,-628.925756683076,NaN,NaN
49700,49.7,hold_relaxed,4,1,0,2,1,5120,1,5390.01431336554,5332.72740136994,-57.2869119955958,NaN,NaN,1066.54548027399,494,0,0,-0.754128455406545,0.00452387625987316,1.03237373655795,3.63339587132065,0.000290014017748356,0.0168388639956296,0.00917569357203913,0.325126434886043,-0.010373733621493,5390.00756552464,4819.34400764593,-570.663557878715,NaN,NaN
49800,49.8,hold_relaxed,4,1,0,2,1,5120,1,5390.01643701811,4545.79192000438,-844.224517013725,NaN,NaN,909.158384000877,413,0,0,-0.791502804947075,0.00653451281835404,1.03763438580959,3.65326972009315,0.00022721595756942,0.0251672803266625,0.00885071409727644,0.397166207029281,0.00172392018983012,5390.01054051553,4833.61219147726,-556.398349038262,NaN,NaN
49900,49.9,hold_relaxed,4,1,0,2,1,5120,1,5389.97749711769,4392.60210239789,-997.375394719799,NaN,NaN,878.520420479579,351,0,0,-0.787192772163642,0.00167226464832937,1.03542705331477,3.52291908849885,0.000238365213285581,0.0264293185805487,0.0051339964508454,0.433389900495786,0.00729734160440936,5390.00765832885,4868.06103145654,-521.946626872311,NaN,NaN
50000,50,hold_relaxed,4,1,0,2,1,5120,1,5390.02024547633,5879.04635050975,489.026105033417,NaN,NaN,1175.80927010195,528,0,0,-0.788940122542905,0.00801232335744784,1.03503491347401,3.66183041073002,0.000292489573728204,0.0204353406473918,0.00552111293138544,0.324374851049094,-0.00648313849261567,5390.0111681986,4844.72086608642,-545.290302112189,NaN,NaN
